ID del juego,Fecha de Lanzamiento
850170,"{'coming_soon': False, 'date': '15 Aug, 2023'}"
866510,"{'coming_soon': False, 'date': '6 Jun, 2018'}"
820030,"{'coming_soon': False, 'date': '19 Jun, 2018'}"
967250,"{'coming_soon': False, 'date': '5 Nov, 2018'}"
703880,"{'coming_soon': False, 'date': '6 Nov, 2018'}"
994910,"{'coming_soon': False, 'date': '23 Sep, 2020'}"
1013320,"{'coming_soon': False, 'date': 'Sep 26, 2019'}"
500710,"{'coming_soon': False, 'date': '18 Dec, 2017'}"
1098340,"{'coming_soon': False, 'date': '24 Jun, 2019'}"
1015500,"{'coming_soon': False, 'date': '21 Oct, 2019'}"
1245610,"{'coming_soon': False, 'date': '4 Apr, 2020'}"
287630,"{'coming_soon': False, 'date': '13 Mar, 2018'}"
1333350,"{'coming_soon': False, 'date': '14 Aug, 2020'}"
1463920,"{'coming_soon': False, 'date': '15 Jan, 2021'}"
1535560,"{'coming_soon': False, 'date': '25 Aug, 2022'}"
1540960,"{'coming_soon': False, 'date': '2 Feb, 2023'}"
1269260,"{'coming_soon': False, 'date': ''}"
1641650,"{'coming_soon': False, 'date': '23 Jun, 2021'}"
1022310,"{'coming_soon': False, 'date': '21 Apr, 2020'}"
1353300,"{'coming_soon': False, 'date': '21 Dec, 2020'}"
1690710,"{'coming_soon': False, 'date': '22 Jul, 2022'}"
1777760,"{'coming_soon': False, 'date': '26 Nov, 2021'}"
937310,"{'coming_soon': False, 'date': '6 May, 2021'}"
1878910,"{'coming_soon': False, 'date': '13 Jan, 2023'}"
1891700,"{'coming_soon': False, 'date': '17 Mar, 2022'}"
1964220,"{'coming_soon': False, 'date': '23 Aug, 2022'}"
1985170,"{'coming_soon': False, 'date': '19 Oct, 2023'}"
1990690,"{'coming_soon': False, 'date': '2 Feb, 2023'}"
2066550,"{'coming_soon': False, 'date': '26 Jul, 2022'}"
2067850,"{'coming_soon': False, 'date': '16 May, 2023'}"
1117350,"{'coming_soon': False, 'date': '24 Jan, 2023'}"
1582500,"{'coming_soon': False, 'date': '20 Oct, 2022'}"
2333480,"{'coming_soon': False, 'date': '9 Jan, 2024'}"
2349820,"{'coming_soon': False, 'date': '17 May, 2023'}"
2368470,"{'coming_soon': False, 'date': '16 Nov, 2023'}"
544610,"{'coming_soon': False, 'date': '31 Aug, 2017'}"
226620,"{'coming_soon': False, 'date': '18 Apr, 2023'}"
2391710,"{'coming_soon': False, 'date': '10 Nov, 2023'}"
1092040,"{'coming_soon': False, 'date': '15 Dec, 2020'}"
443910,"{'coming_soon': False, 'date': '16 Jun, 2016'}"
2484110,"{'coming_soon': False, 'date': '6 Dec, 2023'}"
2529130,"{'coming_soon': False, 'date': '31 Aug, 2023'}"
2594640,"{'coming_soon': False, 'date': '8 Dec, 2023'}"
2140510,"{'coming_soon': False, 'date': '25 Aug, 2023'}"
630360,"{'coming_soon': False, 'date': '19 Jul, 2017'}"
1188260,"{'coming_soon': False, 'date': '22 Dec, 2019'}"
1035510,"{'coming_soon': False, 'date': '8 Dec, 2020'}"
311250,"{'coming_soon': False, 'date': '17 Sep, 2014'}"
334670,
7860,"{'coming_soon': False, 'date': '20 May, 2009'}"
32330,"{'coming_soon': False, 'date': '8 Jul, 2009'}"
21120,"{'coming_soon': False, 'date': '21 May, 2010'}"
42670,"{'coming_soon': False, 'date': '30 Jun, 2010'}"
99810,
63950,"{'coming_soon': False, 'date': '19 Jul, 2011'}"
57900,"{'coming_soon': False, 'date': '9 Jun, 2011'}"
12130,"{'coming_soon': False, 'date': '6 Jan, 2011'}"
212630,"{'coming_soon': False, 'date': '26 Jun, 2012'}"
4720,"{'coming_soon': False, 'date': '29 Oct, 2012'}"
3270,"{'coming_soon': False, 'date': '30 Oct, 2007'}"
6920,"{'coming_soon': False, 'date': '29 Mar, 2007'}"
6980,"{'coming_soon': False, 'date': '29 Mar, 2007'}"
8080,"{'coming_soon': False, 'date': '13 Dec, 2007'}"
242960,"{'coming_soon': False, 'date': '24 Sep, 2013'}"
407810,"{'coming_soon': False, 'date': '3 Jun, 2016'}"
259170,"{'coming_soon': False, 'date': '29 Oct, 2013'}"
460810,"{'coming_soon': False, 'date': '25 May, 2017'}"
728740,"{'coming_soon': False, 'date': '13 May, 2019'}"
964800,"{'coming_soon': False, 'date': '23 Sep, 2022'}"
969990,"{'coming_soon': False, 'date': '23 Jun, 2020'}"
996580,"{'coming_soon': False, 'date': '3 Sep, 2019'}"
548570,"{'coming_soon': False, 'date': '13 May, 2019'}"
1920490,"{'coming_soon': False, 'date': '7 Mar, 2023'}"
2096610,"{'coming_soon': False, 'date': '17 Nov, 2022'}"
17710,"{'coming_soon': False, 'date': '26 Sep, 2011'}"
608110,"{'coming_soon': False, 'date': '3 May, 2018'}"
15380,"{'coming_soon': False, 'date': '10 Oct, 2008'}"
1630,"{'coming_soon': False, 'date': '6 Jul, 2006'}"
1640,"{'coming_soon': False, 'date': '6 Jul, 2006'}"
65600,"{'coming_soon': False, 'date': '22 Mar, 2011'}"
227260,"{'coming_soon': False, 'date': '29 Mar, 2013'}"
1281800,"{'coming_soon': False, 'date': '29 Apr, 2020'}"
1286530,"{'coming_soon': False, 'date': '30 Apr, 2020'}"
1287840,"{'coming_soon': False, 'date': '21 Oct, 2021'}"
34190,"{'coming_soon': False, 'date': '3 Mar, 2010'}"
3330,"{'coming_soon': False, 'date': '30 Aug, 2006'}"
280180,"{'coming_soon': False, 'date': '31 May, 2017'}"
439350,"{'coming_soon': False, 'date': '11 Nov, 2019'}"
513510,"{'coming_soon': False, 'date': 'Nov 4, 2016'}"
529110,"{'coming_soon': False, 'date': '21 Oct, 2016'}"
542310,"{'coming_soon': False, 'date': '13 Oct, 2016'}"
589870,"{'coming_soon': False, 'date': '12 May, 2017'}"
624270,"{'coming_soon': False, 'date': '27 Sep, 2017'}"
637850,"{'coming_soon': False, 'date': '27 May, 2017'}"
659190,"{'coming_soon': False, 'date': '10 Nov, 2017'}"
696140,"{'coming_soon': False, 'date': '2 Oct, 2017'}"
715220,"{'coming_soon': False, 'date': '18 Dec, 2019'}"
809870,"{'coming_soon': False, 'date': '4 Sep, 2018'}"
813630,"{'coming_soon': False, 'date': '5 Apr, 2019'}"
553660,"{'coming_soon': False, 'date': '6 Apr, 2018'}"
885640,"{'coming_soon': False, 'date': '13 Jul, 2018'}"
908050,"{'coming_soon': False, 'date': '16 Jul, 2019'}"
519860,"{'coming_soon': False, 'date': '10 Dec, 2018'}"
1028570,"{'coming_soon': False, 'date': '12 Mar, 2019'}"
1037130,"{'coming_soon': False, 'date': '25 Mar, 2021'}"
1086410,"{'coming_soon': False, 'date': '4 Dec, 2020'}"
1105620,"{'coming_soon': False, 'date': '26 Aug, 2019'}"
1122720,"{'coming_soon': False, 'date': '12 Dec, 2019'}"
382560,"{'coming_soon': False, 'date': '19 Sep, 2019'}"
1227800,"{'coming_soon': False, 'date': '21 Feb, 2020'}"
555000,"{'coming_soon': False, 'date': '10 Jul, 2019'}"
1377150,"{'coming_soon': False, 'date': '28 Aug, 2020'}"
584640,"{'coming_soon': False, 'date': '24 Sep, 2021'}"
2231450,"{'coming_soon': False, 'date': '26 Jan, 2023'}"
2291760,"{'coming_soon': False, 'date': '31 Mar, 2023'}"
19980,"{'coming_soon': False, 'date': '10 Dec, 2008'}"
356330,
650700,"{'coming_soon': False, 'date': '9 Jan, 2018'}"
740250,"{'coming_soon': False, 'date': '4 May, 2018'}"
1761390,"{'coming_soon': False, 'date': '26 May, 2022'}"
33900,"{'coming_soon': False, 'date': ''}"
245130,
241560,"{'coming_soon': False, 'date': '2 Dec, 2014'}"
12250,"{'coming_soon': False, 'date': ''}"
1526180,"{'coming_soon': False, 'date': '12 Nov, 2021'}"
672630,"{'coming_soon': False, 'date': '28 Jan, 2021'}"
691020,"{'coming_soon': False, 'date': '22 Feb, 2018'}"
1136380,"{'coming_soon': False, 'date': '22 Aug, 2022'}"
1179680,"{'coming_soon': False, 'date': '24 Jul, 2020'}"
816180,"{'coming_soon': False, 'date': '26 Apr, 2018'}"
1421230,"{'coming_soon': False, 'date': '8 Oct, 2020'}"
1449690,"{'coming_soon': False, 'date': '29 Oct, 2020'}"
320240,"{'coming_soon': False, 'date': '10 Aug, 2018'}"
914620,"{'coming_soon': False, 'date': '14 Aug, 2018'}"
1743830,"{'coming_soon': False, 'date': '20 Jul, 2023'}"
40400,"{'coming_soon': False, 'date': '21 Oct, 2009'}"
65560,"{'coming_soon': False, 'date': '25 Feb, 2011'}"
729460,"{'coming_soon': False, 'date': '2 Nov, 2017'}"
802200,"{'coming_soon': False, 'date': '22 Nov, 2019'}"
321400,"{'coming_soon': False, 'date': '8 Feb, 2019'}"
703940,"{'coming_soon': False, 'date': '8 Sep, 2017'}"
822240,"{'coming_soon': False, 'date': '11 Dec, 2018'}"
2237980,"{'coming_soon': False, 'date': '17 Dec, 2022'}"
298520,"{'coming_soon': False, 'date': '7 Aug, 2014'}"
1238000,"{'coming_soon': False, 'date': '11 Jun, 2020'}"
215550,"{'coming_soon': False, 'date': '31 Oct, 2016'}"
251270,"{'coming_soon': False, 'date': '25 Apr, 2016'}"
252610,"{'coming_soon': False, 'date': '21 Jul, 2016'}"
253250,"{'coming_soon': False, 'date': '25 Jul, 2018'}"
264260,"{'coming_soon': False, 'date': '11 Aug, 2014'}"
269770,"{'coming_soon': False, 'date': '29 Feb, 2024'}"
270410,"{'coming_soon': False, 'date': '15 Apr, 2016'}"
284410,"{'coming_soon': False, 'date': '26 Apr, 2016'}"
284990,"{'coming_soon': False, 'date': '30 Apr, 2015'}"
324060,
301990,"{'coming_soon': False, 'date': '3 Jul, 2014'}"
312780,"{'coming_soon': False, 'date': '23 Jul, 2015'}"
345080,"{'coming_soon': False, 'date': '28 May, 2015'}"
314320,"{'coming_soon': False, 'date': '8 Aug, 2014'}"
315460,"{'coming_soon': False, 'date': '10 Jul, 2018'}"
317100,"{'coming_soon': False, 'date': '25 Feb, 2015'}"
241260,"{'coming_soon': False, 'date': '29 Sep, 2014'}"
323490,"{'coming_soon': False, 'date': '12 Dec, 2014'}"
324160,"{'coming_soon': False, 'date': '23 Nov, 2015'}"
325120,"{'coming_soon': False, 'date': '4 Jun, 2015'}"
327070,"{'coming_soon': False, 'date': '7 Feb, 2023'}"
334280,"{'coming_soon': False, 'date': '5 Jul, 2016'}"
339230,"{'coming_soon': False, 'date': '18 Aug, 2015'}"
341000,"{'coming_soon': False, 'date': '13 Sep, 2016'}"
326480,"{'coming_soon': False, 'date': '24 Nov, 2014'}"
349320,"{'coming_soon': False, 'date': '30 Mar, 2015'}"
350310,"{'coming_soon': False, 'date': '28 May, 2015'}"
353560,"{'coming_soon': False, 'date': '5 Mar, 2015'}"
350500,"{'coming_soon': False, 'date': '6 Mar, 2015'}"
355000,"{'coming_soon': False, 'date': '7 Jun, 2016'}"
356050,"{'coming_soon': False, 'date': '11 Aug, 2015'}"
359610,"{'coming_soon': False, 'date': '12 Jan, 2016'}"
360170,"{'coming_soon': False, 'date': '8 Sep, 2016'}"
363130,"{'coming_soon': False, 'date': '25 Jun, 2015'}"
363680,"{'coming_soon': False, 'date': '21 Apr, 2016'}"
364050,"{'coming_soon': False, 'date': '9 Jun, 2017'}"
366040,"{'coming_soon': False, 'date': '27 Aug, 2015'}"
230230,"{'coming_soon': False, 'date': '30 Jun, 2014'}"
373600,"{'coming_soon': False, 'date': '23 Sep, 2015'}"
373620,"{'coming_soon': False, 'date': '23 Sep, 2015'}"
375710,"{'coming_soon': False, 'date': '1 Jul, 2015'}"
376480,"{'coming_soon': False, 'date': '2 Dec, 2016'}"
377530,"{'coming_soon': False, 'date': '28 Apr, 2016'}"
385980,"{'coming_soon': False, 'date': '23 Jul, 2015'}"
386140,"{'coming_soon': False, 'date': '2 Jun, 2017'}"
386160,"{'coming_soon': False, 'date': '17 Jul, 2015'}"
242840,"{'coming_soon': False, 'date': '3 Apr, 2015'}"
389810,"{'coming_soon': False, 'date': '4 Sep, 2015'}"
391170,"{'coming_soon': False, 'date': '14 Aug, 2015'}"
224460,"{'coming_soon': False, 'date': '15 Nov, 2013'}"
245370,"{'coming_soon': False, 'date': '25 Mar, 2015'}"
275670,"{'coming_soon': False, 'date': '13 Jun, 2014'}"
313010,"{'coming_soon': False, 'date': '5 Feb, 2015'}"
399600,"{'coming_soon': False, 'date': '4 May, 2016'}"
405590,"{'coming_soon': False, 'date': '11 Dec, 2015'}"
303210,"{'coming_soon': False, 'date': '1 Oct, 2015'}"
407310,"{'coming_soon': False, 'date': '21 Apr, 2017'}"
377670,"{'coming_soon': False, 'date': '5 Nov, 2015'}"
415200,"{'coming_soon': False, 'date': '9 Nov, 2016'}"
417290,"{'coming_soon': False, 'date': '13 Mar, 2018'}"
378120,
425340,"{'coming_soon': False, 'date': '22 Jan, 2016'}"
426790,"{'coming_soon': False, 'date': '16 Aug, 2016'}"
430960,
2820,
2870,
201310,
444140,
259680,
446390,
448440,
451630,
452440,
281640,
458730,
460120,
467930,
467960,
470590,
473460,
485040,
486690,
489460,
491060,
491420,
496810,
500440,
352550,
504390,
514310,
542240,
542930,
549100,
337340,"{'coming_soon': False, 'date': '14 Dec, 2017'}"
551730,
552410,
552620,
555260,
555280,
559610,
570770,
571530,
576770,
577000,
597120,
602930,
610310,
618610,
619340,
512020,
549240,
234270,
629540,
639450,
392110,
644200,
649580,
650760,
656200,
676090,
684300,
689070,
716340,
741260,
587620,
787480,
793460,
825630,
560130,
836640,
849740,
882790,
899970,
907270,
912370,
640820,
933300,
392160,
952860,
994730,
1000080,
1089630,
1108320,
1128920,
1182620,
1189490,
1189630,
1305300,
1235140,
1342330,
1348180,
1424720,
1559390,
1582890,
1585570,
1831250,
1846330,
1948980,
1973710,
2055050,
529340,
2157680,
2173800,
2192620,
2261240,
2311260,
2340650,
2474940,
2510890,
32450,
1659420,
427920,
663090,
678800,
2107670,
2353760,
246840,
248330,
303720,
310700,
251530,
294750,
298180,
457520,
531510,
546410,
658550,
779640,
844930,
865090,
893030,
1012630,
1038740,
1101450,
1148510,
1192640,
323470,
755540,
1955960,
1957780,
2225070,
352520,
420440,
551110,
626680,
655160,
912450,"{'coming_soon': False, 'date': '1 Oct, 2019'}"
1049410,
797410,
680360,
2720,
58200,
107800,
346320,
342310,
235380,
553260,
1092660,
16730,
91330,
288470,
301910,
372540,
376870,
378720,
774941,
407510,
410380,
418070,
466500,
633460,
1129580,
1180660,
1873030,
1556790,
2666200,
2668170,
37960,
61730,
11610,
36620,
260130,
266150,
283060,
284830,
324170,
245300,
331390,
333250,
340730,
365070,
365850,
367120,
386480,
397270,
416130,
423880,
429300,
429940,
431510,
439940,
447570,
463390,
472680,
487430,
496260,
531730,
547340,
562480,
568770,
599480,
601220,
626510,
629960,
630060,
809880,
702700,
871280,
897330,
1006400,
259340,
407120,
735280,
801880,
898720,
872790,
997070,"{'coming_soon': False, 'date': '4 Sep, 2020'}"
503940,
823550,
860860,
1244090,
1550730,
212390,
221080,
1048950,
373700,
29640,
1184370,
1222690,"{'coming_soon': False, 'date': '4 Jun, 2020'}"
416450,
444880,
520860,
568810,
822530,
829590,
1206610,
67000,
71260,
15540,
70420,
207350,
63710,
207400,
219950,"{'coming_soon': False, 'date': '17 Dec, 2012'}"
219680,
227080,
71250,
203650,
213610,
234160,
253840,
235800,
271920,
296070,
302710,
302790,
314180,
316600,
327140,
343740,
214570,
351990,
356400,
359350,
366640,
373770,
375900,
375950,
377870,
388980,
408250,
410570,
377860,
428550,
431840,
396030,
462910,
495350,
512080,
517710,
222500,
528580,
533970,
535850,
536560,
115800,
559010,
563840,
595500,
624460,
525700,
966330,
584400,"{'coming_soon': False, 'date': '29 Aug, 2017'}"
660520,
662470,
672640,
636450,
473770,
708680,
724870,
730550,
732430,
735460,
735810,
637100,
757380,
771310,
778260,
785260,
840010,
758330,
925950,
396900,
1086850,
1173510,
1194260,
1341050,
1353230,
609920,
1701800,
1730680,
1730700,
607380,
878760,
912170,
1188540,
1278480,
1811010,
1846380,"{'coming_soon': False, 'date': '1 Dec, 2022'}"
2808930,
527340,
1028860,
32460,
266450,
216150,
249870,
253370,
269310,
295670,
308000,
310370,
233610,
328000,
364750,
370870,
371140,
405820,
405830,
522240,
524250,
574090,
574980,
607050,
609490,"{'coming_soon': False, 'date': '3 Apr, 2018'}"
611660,
618740,
619780,"{'coming_soon': False, 'date': 'Apr 24, 2018'}"
620050,
625140,
629090,
648350,
674500,
674520,
686600,
709440,
730820,
730830,
732810,
763970,
765840,
765860,
765900,
765910,
777880,
798460,
637090,
862480,
334210,
790820,"{'coming_soon': False, 'date': '25 Sep, 2018'}"
938380,
1144110,
1703340,
6000,
32400,
42160,
206980,
207250,
207080,
205910,
222140,
224500,
234370,
242880,
244590,
250260,
25000,
234190,
268650,
302380,
342180,
362490,
427250,
430440,
541300,
629730,
579840,
803330,
848480,
850450,
1062830,
1148590,
1272320,
1522820,
17510,
45750,
212180,
270170,
488920,
494150,
667970,
691260,
914800,"{'coming_soon': False, 'date': '29 Jan, 2020'}"
979070,
1286320,
1345820,
1637320,
2186680,
1540210,
353130,
356640,
512470,"{'coming_soon': False, 'date': 'Aug 24, 2016'}"
705040,
795580,
876330,
640590,
1489830,
326350,
756800,
806860,
1157340,
2165620,
1021950,
1379630,
1952360,
520720,
325260,
2532550,
228280,
397430,
894020,
1068820,
1333200,
1336490,
1385380,
1811990,
1970580,
393430,
561600,
362870,
564710,
1671340,
326740,
639650,
660880,
1448530,
433800,
636040,
266070,
268750,
288570,
339120,
357290,
402180,
397940,
420790,
473560,
508290,"{'coming_soon': False, 'date': 'Jul 28, 2016'}"
575680,
581030,
629380,
696220,
1300,
6510,
33110,
21030,
37010,
50640,
43000,
22610,
22650,
22670,
57680,
22450,
102810,
106000,
96400,
211010,
216910,
206760,
203750,
268240,
274620,
268220,
258180,
289620,
294590,
321270,
335700,
339700,
378270,
385560,
391490,
408410,
410710,
423950,
427780,
429540,
99300,
211160,
447290,
464060,
465200,
274500,
488730,
494600,
555450,
598440,
587180,
606870,
669950,
436180,
301840,
878580,
931650,
951530,
1007400,
1087730,
1172650,
418270,
209630,
619700,
2013300,
2362740,
231670,
295270,
375960,
331600,
482730,
593600,
9310,
438640,
585550,
525780,
1064610,
1069740,
1215090,
1218900,
406970,
1630080,
2062120,
412470,
513570,
1366850,
17530,
92500,
459160,
704040,
946050,
1048370,
1349540,
1371630,
1839660,
33350,
234650,
271550,
281610,
365360,
328760,
435790,
698640,
777770,
780290,
975370,
1016920,"{'coming_soon': False, 'date': 'Sep 23, 2020'}"
1062090,
1073910,
1281630,
1161590,"{'coming_soon': False, 'date': '20 Jul, 2023'}"
7010,
2270,
9070,
4580,
18110,
46250,
9160,
238070,
224820,"{'coming_soon': False, 'date': '18 Feb, 2013'}"
235250,
2310,"{'coming_soon': False, 'date': '3 Aug, 2007'}"
239800,
2320,
251110,
259390,
260410,
266110,
292390,
298600,
312520,
341190,
393520,
403780,
405640,
410320,
314710,
397950,
562860,
285190,
598550,
630720,
668320,
679990,
640030,
757480,
774811,
792120,
838310,"{'coming_soon': False, 'date': '24 May, 2018'}"
884260,
980300,
1058020,
1062110,
1065260,
1085180,"{'coming_soon': False, 'date': '25 Sep, 2019'}"
1154810,
1203630,
1257360,
1149440,
1319460,"{'coming_soon': False, 'date': '15 Aug, 2022'}"
1334730,
1372320,
1378290,
1406780,
1486630,
1549690,
1590910,
1649740,
826630,
1726190,"{'coming_soon': False, 'date': 'Oct 21, 2021'}"
1766010,
1819230,
2005010,
2061230,
2262610,
1164940,
2443360,
2674810,
341890,
1168280,
905640,
586980,
575770,
973090,
1302800,
1948450,
2707940,
387840,
3410,
434520,
587000,
383980,
629820,
666570,
670160,
778700,
900270,
930620,
947600,
1020470,
1083880,
1238080,
1260820,
1284540,
1299320,
1299370,
1304550,
1443820,
1600780,
1860860,
1905950,
1237320,
2186320,
2328760,
233700,
293240,
808290,
728540,
1347430,
268130,
304730,
347000,
462680,
508390,
552590,
688130,
732050,
780210,
805850,
951440,
1055540,
1062960,
1122120,
1127400,
1785820,
394120,
403690,
412400,
449140,
454540,
585030,
1138190,
1296840,
1715460,
600130,
930780,
1054490,
1135810,
657470,
1094780,
1800790,
480650,
543870,
492720,
341720,
395200,
828900,
866800,
1580970,
1657630,
485670,
699240,
1504020,
745920,
786450,
1457320,
2208920,"{'coming_soon': False, 'date': '6 Dec, 2022'}"
26000,
15390,
2290,
206480,
415420,
555150,
598700,
703700,
312670,
836490,"{'coming_soon': False, 'date': '8 May, 2018'}"
885810,"{'coming_soon': False, 'date': '30 Oct, 2018'}"
923910,"{'coming_soon': False, 'date': '4 Jun, 2019'}"
356650,"{'coming_soon': False, 'date': '13 Aug, 2018'}"
370280,"{'coming_soon': False, 'date': '14 Mar, 2016'}"
1002560,"{'coming_soon': False, 'date': '27 Feb, 2019'}"
1038810,"{'coming_soon': False, 'date': '13 Jun, 2019'}"
1093910,"{'coming_soon': False, 'date': '25 Sep, 2019'}"
1140610,"{'coming_soon': False, 'date': '12 Sep, 2019'}"
1144910,"{'coming_soon': False, 'date': '10 Mar, 2021'}"
1244950,"{'coming_soon': False, 'date': '20 Aug, 2020'}"
1283220,"{'coming_soon': False, 'date': '11 Jul, 2020'}"
1365010,"{'coming_soon': False, 'date': '14 Aug, 2020'}"
1367080,"{'coming_soon': False, 'date': '30 May, 2023'}"
1377360,"{'coming_soon': False, 'date': '2 Oct, 2020'}"
1393350,"{'coming_soon': False, 'date': '20 Nov, 2020'}"
1437400,"{'coming_soon': False, 'date': '6 Nov, 2023'}"
1528130,"{'coming_soon': False, 'date': '12 Feb, 2021'}"
257350,"{'coming_soon': False, 'date': '15 Nov, 2013'}"
1899060,"{'coming_soon': False, 'date': '19 May, 2023'}"
2594920,"{'coming_soon': False, 'date': '24 Jan, 2024'}"
1812370,"{'coming_soon': False, 'date': '7 Nov, 2023'}"
203210,"{'coming_soon': False, 'date': '3 Feb, 2012'}"
237590,
243450,"{'coming_soon': False, 'date': '18 Sep, 2013'}"
255870,"{'coming_soon': False, 'date': '11 Nov, 2013'}"
249330,"{'coming_soon': False, 'date': '4 Oct, 2013'}"
278930,"{'coming_soon': False, 'date': '6 Mar, 2014'}"
325100,"{'coming_soon': False, 'date': '3 Nov, 2014'}"
453720,"{'coming_soon': False, 'date': '29 Aug, 2016'}"
467950,"{'coming_soon': False, 'date': '20 May, 2016'}"
528200,"{'coming_soon': False, 'date': '30 Sep, 2016'}"
533950,"{'coming_soon': False, 'date': '11 Nov, 2016'}"
556870,"{'coming_soon': False, 'date': '29 Nov, 2016'}"
563810,"{'coming_soon': False, 'date': '13 Feb, 2017'}"
567580,"{'coming_soon': False, 'date': '28 Dec, 2016'}"
656600,"{'coming_soon': False, 'date': '14 Jul, 2017'}"
733800,"{'coming_soon': False, 'date': '8 Dec, 2017'}"
38740,"{'coming_soon': False, 'date': '11 Aug, 2011'}"
248170,"{'coming_soon': False, 'date': '5 Dec, 2013'}"
338530,"{'coming_soon': False, 'date': '17 Nov, 2015'}"
438720,"{'coming_soon': False, 'date': '3 Aug, 2016'}"
601810,"{'coming_soon': False, 'date': '10 Apr, 2017'}"
684200,"{'coming_soon': False, 'date': '12 Jul, 2018'}"
752580,"{'coming_soon': False, 'date': '16 Aug, 2021'}"
7760,"{'coming_soon': False, 'date': '4 Sep, 2008'}"
48240,"{'coming_soon': False, 'date': '17 Nov, 2011'}"
213850,"{'coming_soon': False, 'date': '26 Jun, 2013'}"
269950,"{'coming_soon': False, 'date': '30 Mar, 2017'}"
271260,"{'coming_soon': False, 'date': '20 Sep, 2018'}"
326130,"{'coming_soon': False, 'date': '24 Oct, 2014'}"
336940,"{'coming_soon': False, 'date': '27 Apr, 2018'}"
398170,"{'coming_soon': False, 'date': 'Jan 18, 2016'}"
412450,"{'coming_soon': False, 'date': '19 Apr, 2016'}"
419480,"{'coming_soon': False, 'date': '23 May, 2017'}"
445220,"{'coming_soon': False, 'date': '9 Mar, 2020'}"
465490,"{'coming_soon': False, 'date': '22 Sep, 2016'}"
501080,"{'coming_soon': False, 'date': '7 Feb, 2018'}"
541210,"{'coming_soon': False, 'date': '5 Jun, 2017'}"
588030,"{'coming_soon': False, 'date': '25 Jan, 2019'}"
588210,"{'coming_soon': False, 'date': '21 Oct, 2019'}"
712190,"{'coming_soon': False, 'date': '25 Feb, 2020'}"
732240,"{'coming_soon': False, 'date': '18 Jul, 2020'}"
735580,"{'coming_soon': False, 'date': '8 Nov, 2018'}"
979110,"{'coming_soon': False, 'date': '21 May, 2020'}"
718850,"{'coming_soon': False, 'date': '6 Aug, 2019'}"
1113120,"{'coming_soon': False, 'date': '7 Dec, 2022'}"
1161580,"{'coming_soon': False, 'date': '24 May, 2022'}"
1288320,"{'coming_soon': False, 'date': '16 Aug, 2022'}"
941570,"{'coming_soon': False, 'date': '3 Aug, 2020'}"
1622900,"{'coming_soon': False, 'date': '12 Oct, 2023'}"
784080,"{'coming_soon': False, 'date': '26 May, 2021'}"
1646850,"{'coming_soon': False, 'date': '17 Feb, 2023'}"
9870,
347670,"{'coming_soon': False, 'date': '20 Mar, 2015'}"
337360,"{'coming_soon': False, 'date': '31 May, 2016'}"
771350,"{'coming_soon': False, 'date': '26 Jan, 2018'}"
824190,"{'coming_soon': False, 'date': '13 Apr, 2018'}"
542590,"{'coming_soon': False, 'date': '5 Apr, 2017'}"
414740,"{'coming_soon': False, 'date': '26 Sep, 2017'}"
782250,"{'coming_soon': False, 'date': '20 Apr, 2023'}"
821880,"{'coming_soon': False, 'date': '26 Jul, 2021'}"
829660,"{'coming_soon': False, 'date': '21 Aug, 2019'}"
930210,"{'coming_soon': False, 'date': '8 Feb, 2021'}"
965230,"{'coming_soon': False, 'date': '10 Oct, 2019'}"
1034140,"{'coming_soon': False, 'date': '26 Mar, 2021'}"
1142130,"{'coming_soon': False, 'date': '1 Nov, 2019'}"
1150950,"{'coming_soon': False, 'date': '20 May, 2020'}"
1250650,"{'coming_soon': False, 'date': '16 Mar, 2020'}"
1268110,"{'coming_soon': False, 'date': '15 Sep, 2020'}"
1286350,"{'coming_soon': False, 'date': 'Sep 15, 2020'}"
1336600,"{'coming_soon': False, 'date': '12 Jul, 2021'}"
1354230,"{'coming_soon': False, 'date': '19 Dec, 2023'}"
978780,"{'coming_soon': False, 'date': '14 Jul, 2020'}"
1401590,"{'coming_soon': False, 'date': '5 Dec, 2023'}"
1547890,"{'coming_soon': False, 'date': '5 Nov, 2021'}"
1924140,"{'coming_soon': False, 'date': '16 Mar, 2023'}"
2293900,"{'coming_soon': False, 'date': '18 Jul, 2023'}"
2647230,"{'coming_soon': False, 'date': '30 Nov, 2023'}"
1588010,"{'coming_soon': False, 'date': '13 Oct, 2022'}"
347950,"{'coming_soon': False, 'date': '14 Dec, 2017'}"
376310,"{'coming_soon': False, 'date': '12 Sep, 2016'}"
568580,"{'coming_soon': False, 'date': '6 Feb, 2017'}"
596940,"{'coming_soon': False, 'date': '31 Aug, 2017'}"
612290,
655550,"{'coming_soon': False, 'date': '29 Aug, 2017'}"
668170,"{'coming_soon': False, 'date': '9 Oct, 2017'}"
673940,"{'coming_soon': False, 'date': '10 Oct, 2017'}"
681500,"{'coming_soon': False, 'date': '16 Aug, 2017'}"
691730,"{'coming_soon': False, 'date': '9 Sep, 2017'}"
946090,"{'coming_soon': False, 'date': 'Oct 17, 2018'}"
1266800,"{'coming_soon': False, 'date': '15 Oct, 2020'}"
1290000,"{'coming_soon': False, 'date': '14 Jul, 2022'}"
1305420,"{'coming_soon': False, 'date': '25 Jul, 2020'}"
1124980,"{'coming_soon': False, 'date': '22 Oct, 2019'}"
33520,"{'coming_soon': False, 'date': '26 Jul, 2009'}"
33530,"{'coming_soon': False, 'date': '26 Jul, 2009'}"
342570,"{'coming_soon': False, 'date': '3 Mar, 2015'}"
331810,"{'coming_soon': False, 'date': '15 Jul, 2019'}"
440090,"{'coming_soon': False, 'date': '23 Mar, 2016'}"
672680,"{'coming_soon': False, 'date': '21 Oct, 2017'}"
798420,"{'coming_soon': False, 'date': '30 Nov, 2018'}"
819500,"{'coming_soon': False, 'date': '6 Feb, 2019'}"
880850,"{'coming_soon': False, 'date': '6 Feb, 2019'}"
1362420,"{'coming_soon': False, 'date': 'Aug 19, 2020'}"
1408680,"{'coming_soon': False, 'date': '16 May, 2022'}"
1560500,"{'coming_soon': False, 'date': '9 Mar, 2022'}"
2175210,"{'coming_soon': False, 'date': '15 Feb, 2023'}"
2337640,"{'coming_soon': False, 'date': '30 Nov, 2023'}"
1191330,"{'coming_soon': False, 'date': '20 Dec, 2019'}"
1232420,"{'coming_soon': False, 'date': '14 May, 2020'}"
1628760,"{'coming_soon': False, 'date': '4 Nov, 2021'}"
260430,"{'coming_soon': False, 'date': '1 Jun, 2015'}"
335220,"{'coming_soon': False, 'date': '15 Jan, 2015'}"
1005240,"{'coming_soon': False, 'date': '23 Feb, 2021'}"
406940,"{'coming_soon': False, 'date': '16 Feb, 2016'}"
493440,
623280,"{'coming_soon': False, 'date': '21 Jun, 2021'}"
914260,"{'coming_soon': False, 'date': '2 Aug, 2019'}"
1089980,"{'coming_soon': False, 'date': '7 Aug, 2020'}"
1196630,"{'coming_soon': False, 'date': '28 Aug, 2020'}"
1520370,"{'coming_soon': False, 'date': '16 Dec, 2021'}"
2073470,"{'coming_soon': False, 'date': '16 Jul, 2022'}"
2102520,"{'coming_soon': False, 'date': '4 Mar, 2023'}"
1259800,"{'coming_soon': False, 'date': '16 Dec, 2020'}"
206610,"{'coming_soon': False, 'date': '29 Mar, 2012'}"
1528080,"{'coming_soon': False, 'date': '28 Apr, 2021'}"
2671970,"{'coming_soon': False, 'date': '29 Nov, 2023'}"
17440,"{'coming_soon': False, 'date': '19 Dec, 2008'}"
322110,"{'coming_soon': False, 'date': '16 Aug, 2017'}"
328080,"{'coming_soon': False, 'date': '14 Oct, 2019'}"
329130,"{'coming_soon': False, 'date': '19 Feb, 2015'}"
371970,"{'coming_soon': False, 'date': '23 Jun, 2015'}"
448280,"{'coming_soon': False, 'date': '5 Apr, 2016'}"
469610,"{'coming_soon': False, 'date': '20 Apr, 2017'}"
587220,"{'coming_soon': False, 'date': '21 Sep, 2018'}"
598780,"{'coming_soon': False, 'date': '12 Nov, 2020'}"
726830,"{'coming_soon': False, 'date': '9 Apr, 2019'}"
780310,"{'coming_soon': False, 'date': '14 Oct, 2021'}"
858210,"{'coming_soon': False, 'date': '27 Mar, 2019'}"
877810,"{'coming_soon': False, 'date': '12 Aug, 2019'}"
1099170,"{'coming_soon': False, 'date': '17 Oct, 2019'}"
1277400,"{'coming_soon': False, 'date': '8 Jul, 2021'}"
1972440,"{'coming_soon': False, 'date': '12 May, 2022'}"
2342950,"{'coming_soon': False, 'date': '12 Sep, 2023'}"
340050,"{'coming_soon': False, 'date': '30 Jan, 2015'}"
377260,"{'coming_soon': False, 'date': '22 Aug, 2018'}"
384490,"{'coming_soon': False, 'date': 'Jul 2016'}"
528450,"{'coming_soon': False, 'date': '30 Jan, 2017'}"
543460,"{'coming_soon': False, 'date': '14 Mar, 2017'}"
613880,"{'coming_soon': False, 'date': '14 Sep, 2018'}"
652660,"{'coming_soon': False, 'date': '18 Jun, 2018'}"
746140,"{'coming_soon': False, 'date': '19 Jan, 2018'}"
768200,"{'coming_soon': False, 'date': '15 Feb, 2024'}"
787040,"{'coming_soon': False, 'date': '17 Aug, 2018'}"
799240,"{'coming_soon': False, 'date': '3 Apr, 2018'}"
885570,"{'coming_soon': False, 'date': '22 Apr, 2019'}"
530630,"{'coming_soon': False, 'date': '29 Mar, 2018'}"
1019940,"{'coming_soon': False, 'date': '19 Apr, 2019'}"
1112400,"{'coming_soon': False, 'date': '20 Dec, 2019'}"
764050,"{'coming_soon': False, 'date': '20 Sep, 2019'}"
1336560,"{'coming_soon': False, 'date': '10 Jul, 2020'}"
1344110,"{'coming_soon': False, 'date': '3 Jul, 2020'}"
1378080,"{'coming_soon': False, 'date': '22 May, 2021'}"
1431040,"{'coming_soon': False, 'date': '2 Nov, 2020'}"
1635450,"{'coming_soon': False, 'date': '24 Feb, 2022'}"
1694200,"{'coming_soon': False, 'date': '19 Aug, 2021'}"
2285150,"{'coming_soon': False, 'date': '11 Oct, 2023'}"
2379390,"{'coming_soon': False, 'date': '15 Jun, 2023'}"
1661270,"{'coming_soon': False, 'date': '15 Nov, 2021'}"
6210,"{'coming_soon': False, 'date': '21 Dec, 2006'}"
2780,"{'coming_soon': False, 'date': '12 Mar, 2008'}"
7840,"{'coming_soon': False, 'date': '6 May, 2009'}"
22340,"{'coming_soon': False, 'date': '16 Jun, 2009'}"
6830,"{'coming_soon': False, 'date': '15 Mar, 2007'}"
39550,"{'coming_soon': False, 'date': '29 Oct, 2009'}"
34010,"{'coming_soon': False, 'date': '1 Jun, 2010'}"
57970,
33420,
73210,"{'coming_soon': False, 'date': '15 Sep, 2011'}"
12830,"{'coming_soon': False, 'date': '6 Oct, 2009'}"
210950,"{'coming_soon': False, 'date': '13 Jun, 2012'}"
99410,"{'coming_soon': False, 'date': '24 Sep, 2012'}"
223330,"{'coming_soon': False, 'date': 'Dec 2012'}"
257730,"{'coming_soon': False, 'date': '5 Sep, 2014'}"
242800,
233210,"{'coming_soon': False, 'date': '2 Oct, 2013'}"
246740,"{'coming_soon': False, 'date': '13 Sep, 2013'}"
250520,
252870,
22180,
264280,
237870,
285500,
228180,
297350,
298950,
300080,
46270,
46280,
9800,
323220,
369440,
380570,
415030,
19000,
485980,
497180,
526160,
362960,
546230,
606500,
617160,
704450,
311290,
871420,
910490,
939520,
999220,
899440,
1033950,
1041720,"{'coming_soon': False, 'date': '8 Sep, 2020'}"
1042490,
1104280,
1123770,
1135230,
1159560,
1159690,
1178490,
1254370,
1263070,
1282410,
1358710,
1371690,
826940,
1413660,
1030210,
753650,
774241,
1481400,
1492070,
1569200,
1671280,
1676130,
1119980,
1837690,"{'coming_soon': False, 'date': 'Sep 30, 2022'}"
1097350,
2344520,"{'coming_soon': False, 'date': '17 Oct, 2023'}"
764570,
307960,
334920,
587650,
703510,
1269690,
46400,
11200,
34920,
46440,
46450,
41730,
45450,
41740,
96200,
105300,
46520,
24400,
9350,
94200,
99700,
26900,
4300,
6250,
46700,
46710,
46320,
46370,
46380,
399820,
524030,
2338770,
321800,
613730,
661790,
963710,
1064460,
1228520,
1245430,
1611490,
29900,
220090,
36630,
238260,
253530,
255370,
258200,
262150,
270010,
280140,
285070,
290470,
303840,
321950,
317440,
340650,
363620,
373680,
403740,
412880,
454910,
457590,
628730,
644540,
661130,
690510,
734910,
806510,
546050,
862570,
868980,
921940,
950460,"{'coming_soon': False, 'date': 'Oct 30, 2018'}"
952040,
963330,
1007840,
1047440,
1078000,
1096720,
1253870,
1263160,
814200,
1323420,
1343090,
1407420,
1446720,
1555110,
1602490,
2060080,
202200,
314970,
812810,
356040,
781030,
656970,
10150,
213330,
393080,
1369320,
1755350,
15210,
269470,
270090,
345370,
454670,
454690,
457680,
463110,
464960,
466840,
504210,
513620,
527750,
547470,
687750,
702050,
751630,
786520,
842780,
880950,
933940,
1021100,
1080020,
878380,
1218010,
1283960,"{'coming_soon': False, 'date': 'May 20, 2020'}"
1389550,
1416230,
1434480,
1577620,
1671350,
1730260,
2015620,
2198800,
40720,
202530,
235720,
237630,"{'coming_soon': False, 'date': '13 Aug, 2013'}"
292370,
301190,
301200,
301690,
312450,
340320,
346500,
357070,
336420,
395160,
400370,
400510,
421740,
422100,
230310,
431710,
448000,
450850,
453100,
461010,
461360,
463930,
467310,
468330,
473670,
474910,
491280,
496640,
499520,
501760,
508990,
522210,
526540,
530330,
531910,
533330,
539750,
541380,
547710,
550670,
574820,
575580,
577740,
586340,
588110,
596380,
596810,
601010,
375120,
618510,
626630,
778410,
788510,
816240,
838330,
402390,
274980,
1349040,
2010450,
444260,
488280,
1010860,
1436990,
41900,
90500,
465710,
475630,
366760,
374670,
433350,
442710,
205890,
817680,
80350,
337420,
363330,
364390,
370700,
374510,
399230,"{'coming_soon': False, 'date': 'Sep 2, 2015'}"
434260,
434310,
487700,
489360,
491620,
502740,
508550,
514360,
540610,
554310,
555670,
586790,
841350,
860910,
944220,
948900,
1035610,
1035930,
1109360,
1119730,
1153430,
1212620,
1227690,
1290070,"{'coming_soon': False, 'date': 'May 24, 2020'}"
1299120,
1334700,
1385730,
1463120,
1490130,
1794470,
254320,
330720,
338540,
316430,
391580,
415880,
418180,
723790,
858810,
1205950,
1213740,
1222730,"{'coming_soon': False, 'date': '1 Oct, 2020'}"
1266840,
1292690,
1024650,
2069180,
1669000,
1826980,
4540,
13640,
18300,
11370,
46430,
104600,
205840,
105800,
225360,
284460,
314650,
374030,
384740,
395350,
436230,
449000,
530890,
567670,
582890,
202370,
723610,
746710,
748370,
750130,
837380,
877200,
1347030,
313500,
342560,
388080,
391270,
363150,
653950,
726990,
857450,
860620,
891510,
502500,"{'coming_soon': False, 'date': '31 Jan, 2019'}"
970500,
730310,
1238680,
1307560,
1389560,
1441840,
1523390,
1588410,
1674890,
1770600,
1819160,
1856480,
1888070,"{'coming_soon': False, 'date': 'Mar 9, 2023'}"
2169830,
2258940,
962730,
1888430,
320040,"{'coming_soon': False, 'date': '10 Mar, 2016'}"
322450,
323460,
343860,
348360,
353640,
355980,
359230,
375530,
400180,
363890,
462770,
471550,
489370,
495560,
498240,
499440,
501320,
523650,
535230,
558990,
573080,
581270,
584980,
598940,
599460,
600090,
600990,"{'coming_soon': False, 'date': '19 Sep, 2018'}"
615970,
525360,
638000,
642560,
644550,
646500,
661430,
664180,
666870,
681820,
681830,
687650,
689910,
663300,
695630,
698540,
710190,
732370,
732400,
733790,
738530,
746850,
754350,
758190,
759740,
759940,
595520,
589780,
782570,
785780,
794540,
696170,
809240,
815210,
816340,
828740,
834740,
851800,
868360,
742300,
897820,
935270,
955170,
979120,
368610,
986130,
991560,
889510,
1000010,
1020820,
1040070,
1056390,
1088710,
690640,
1160490,
1178120,
728530,
1194930,
1072420,
1220010,
1267910,
1295510,
1354910,
1421790,
955900,
1530300,
1735700,
1859360,
1904540,
2304640,
529590,
578620,
746930,
804490,
884320,
1004750,
1514840,
209520,
254100,
324750,
329000,
336030,
377310,
391660,
403560,
412290,
412600,
375910,
423710,
438010,
438030,
448640,
449200,
451880,
453820,
454200,
455710,
457820,
462220,
467000,
467010,
468320,
469730,
473470,
485330,
486150,
486360,
487580,
487590,
487600,
489890,
489900,
491580,
493650,
493700,
493710,
497050,
497260,
498030,
498040,
498050,
499420,
500570,
502140,
509110,"{'coming_soon': False, 'date': 'Aug 9, 2016'}"
509840,
512640,
513590,"{'coming_soon': False, 'date': 'Oct 6, 2016'}"
514470,
514480,
514490,
514970,
515690,
521230,
526880,
528510,
531860,
532600,
535690,
540020,
542690,
542710,
542720,
542730,
542740,
544140,
545700,
546980,
546990,
557680,
569570,
586620,
498320,
1035120,
1243830,
1607130,
1754870,
1850550,
2299130,
252690,
468700,
654310,
394380,
1991140,
301760,
304530,
578330,
1170760,
1191420,
1510460,
2158500,
2279510,
1451810,
903950,
2316660,
300610,
1054430,
1027820,
1506620,
981600,
386070,
410700,
503180,
510500,"{'coming_soon': False, 'date': 'Oct 18, 2023'}"
573100,
596970,
669330,
738520,
816090,
973230,
1000360,
919640,
275610,
1295500,
1324530,
1324780,
1228510,
1325400,
1426450,
1494420,
1489630,
1611910,"{'coming_soon': False, 'date': '5 May, 2022'}"
1913370,
1949190,
2059170,
2138710,
2272250,
1681430,
7530,
383740,
303610,
545270,
482750,
841370,
1100600,
703860,
1569040,
502820,
690810,
843200,
1275630,
1285360,
1294760,
1086640,
427190,
567630,
911400,
1013310,
238280,
252470,
291860,
342640,
221560,"{'coming_soon': False, 'date': 'Feb 17, 2014'}"
384500,
416600,
447500,
454410,
455980,
463530,
466860,
506140,
562590,
582270,"{'coming_soon': False, 'date': '21 Apr, 2017'}"
587450,
606890,
625960,
630030,
685340,
705280,
715400,
733460,
745880,
747200,
763890,
817540,
836480,
867490,
890720,
892420,
909380,
931280,
1039890,
1040230,
1054510,
1058770,
1151440,
1151450,
1167450,
1249800,
1264670,
1337520,
1341170,
1371580,
1384380,
1487680,
1497950,
1538970,
1656780,
1713810,
1782120,
1810580,
824550,
1928870,
2094270,
2302140,
1324130,
2485640,
235820,
245050,
292480,
316890,
342380,
348240,
368640,
375200,
377680,
403190,
407330,
407980,
243970,
421700,
359060,
477870,
485870,
508190,
517000,
520520,
521500,
527270,
527280,
464450,
539670,
548840,
567090,
574740,
575510,
575550,
581520,
588050,
446790,
625980,
658260,
658630,
550080,
665090,
761830,
769560,
789760,
859150,
880510,
921590,
926390,
1016600,
1058530,
1064730,
1108370,
1126290,
1138100,
1147510,
1168660,
1174690,
1191210,
1211360,
1212830,
1163590,
1245540,"{'coming_soon': False, 'date': '1 Nov, 2021'}"
1263370,"{'coming_soon': False, 'date': '28 Aug, 2020'}"
1293860,"{'coming_soon': False, 'date': '5 Aug, 2020'}"
1330000,"{'coming_soon': False, 'date': '8 Mar, 2024'}"
1330250,"{'coming_soon': False, 'date': '8 Jul, 2020'}"
1332470,"{'coming_soon': False, 'date': '27 Aug, 2020'}"
1356670,"{'coming_soon': False, 'date': '10 Nov, 2020'}"
1393410,"{'coming_soon': False, 'date': '28 Aug, 2020'}"
1419730,"{'coming_soon': False, 'date': '30 Sep, 2020'}"
1232460,"{'coming_soon': False, 'date': '14 Oct, 2020'}"
1456820,"{'coming_soon': False, 'date': '26 Aug, 2021'}"
1199030,"{'coming_soon': False, 'date': '27 May, 2021'}"
1491170,"{'coming_soon': False, 'date': '24 Jun, 2021'}"
1520470,"{'coming_soon': False, 'date': 'Mar 2021'}"
1575710,"{'coming_soon': False, 'date': '28 Aug, 2021'}"
1732190,"{'coming_soon': False, 'date': '27 Oct, 2021'}"
1812300,"{'coming_soon': False, 'date': '12 Jan, 2023'}"
1967320,"{'coming_soon': False, 'date': '26 May, 2022'}"
1993150,"{'coming_soon': False, 'date': '19 Jun, 2023'}"
2020520,"{'coming_soon': False, 'date': '8 Aug, 2022'}"
2343600,"{'coming_soon': False, 'date': '8 Apr, 2023'}"
1592680,"{'coming_soon': False, 'date': '26 Aug, 2021'}"
251850,"{'coming_soon': False, 'date': '29 Oct, 2013'}"
254040,
263740,"{'coming_soon': False, 'date': '16 Apr, 2014'}"
297110,"{'coming_soon': False, 'date': '30 Oct, 2014'}"
308580,"{'coming_soon': False, 'date': '5 Sep, 2014'}"
322920,"{'coming_soon': False, 'date': '31 Mar, 2015'}"
352400,"{'coming_soon': False, 'date': '11 Jun, 2015'}"
42140,"{'coming_soon': False, 'date': '31 May, 2011'}"
649600,"{'coming_soon': False, 'date': '29 Jun, 2017'}"
896520,"{'coming_soon': False, 'date': '13 Oct, 2022'}"
1718130,"{'coming_soon': False, 'date': '13 Sep, 2022'}"
346250,"{'coming_soon': False, 'date': '26 Jan, 2015'}"
350990,"{'coming_soon': False, 'date': '2 Nov, 2015'}"
378300,"{'coming_soon': False, 'date': '9 Jun, 2015'}"
387970,"{'coming_soon': False, 'date': '24 Aug, 2015'}"
414730,"{'coming_soon': False, 'date': '21 Apr, 2016'}"
4550,
15900,"{'coming_soon': False, 'date': '10 Jun, 2008'}"
314000,"{'coming_soon': False, 'date': '7 Dec, 2015'}"
432310,"{'coming_soon': False, 'date': '13 Jun, 2016'}"
518120,"{'coming_soon': False, 'date': '11 Nov, 2016'}"
780350,"{'coming_soon': False, 'date': '23 Jan, 2019'}"
1484900,"{'coming_soon': False, 'date': '24 Aug, 2021'}"
1726400,"{'coming_soon': False, 'date': '14 Sep, 2022'}"
2431660,"{'coming_soon': False, 'date': '20 Jun, 2023'}"
307410,"{'coming_soon': False, 'date': '12 Jun, 2014'}"
491540,"{'coming_soon': False, 'date': '25 Mar, 2021'}"
497720,"{'coming_soon': False, 'date': '4 Aug, 2016'}"
431930,"{'coming_soon': False, 'date': '29 May, 2018'}"
1292910,"{'coming_soon': False, 'date': '16 Jul, 2020'}"
1369670,"{'coming_soon': False, 'date': '17 Dec, 2021'}"
1578390,"{'coming_soon': False, 'date': '10 Aug, 2021'}"
1450830,"{'coming_soon': False, 'date': '19 Nov, 2020'}"
1151050,"{'coming_soon': False, 'date': '19 May, 2022'}"
2064810,"{'coming_soon': False, 'date': '5 Jun, 2023'}"
3720,"{'coming_soon': False, 'date': '22 Jun, 2009'}"
250500,"{'coming_soon': False, 'date': '17 Oct, 2013'}"
363600,"{'coming_soon': False, 'date': '13 Jul, 2015'}"
702670,"{'coming_soon': False, 'date': '28 Aug, 2018'}"
758870,"{'coming_soon': False, 'date': '6 Dec, 2022'}"
985000,"{'coming_soon': False, 'date': '30 Oct, 2020'}"
1028350,"{'coming_soon': False, 'date': '20 Jan, 2022'}"
1082430,"{'coming_soon': False, 'date': '8 Apr, 2021'}"
1148760,"{'coming_soon': False, 'date': '25 Aug, 2022'}"
1152340,"{'coming_soon': False, 'date': '11 Oct, 2021'}"
1586800,"{'coming_soon': False, 'date': '14 Dec, 2022'}"
631130,"{'coming_soon': False, 'date': '16 May, 2017'}"
444770,"{'coming_soon': False, 'date': '22 Mar, 2016'}"
834280,"{'coming_soon': False, 'date': '18 Sep, 2018'}"
1166290,"{'coming_soon': False, 'date': '20 Feb, 2020'}"
1166990,"{'coming_soon': False, 'date': '2 Feb, 2024'}"
1547300,"{'coming_soon': False, 'date': '31 Aug, 2021'}"
1582680,"{'coming_soon': False, 'date': '21 Apr, 2022'}"
1801110,"{'coming_soon': False, 'date': '9 Aug, 2023'}"
1843090,"{'coming_soon': False, 'date': '18 Mar, 2022'}"
1985690,"{'coming_soon': False, 'date': '17 Jun, 2022'}"
2120900,"{'coming_soon': False, 'date': '9 Jan, 2023'}"
2506160,"{'coming_soon': False, 'date': '20 Oct, 2023'}"
262120,"{'coming_soon': False, 'date': '17 Feb, 2016'}"
346730,"{'coming_soon': False, 'date': '17 Nov, 2015'}"
366090,"{'coming_soon': False, 'date': '16 Jun, 2017'}"
377590,"{'coming_soon': False, 'date': '24 Feb, 2016'}"
378360,"{'coming_soon': False, 'date': '16 Mar, 2019'}"
351910,"{'coming_soon': False, 'date': '2 Dec, 2015'}"
405710,"{'coming_soon': False, 'date': '11 Apr, 2019'}"
428180,"{'coming_soon': False, 'date': '11 Feb, 2019'}"
524440,
499660,"{'coming_soon': False, 'date': '3 Jan, 2019'}"
502520,"{'coming_soon': False, 'date': '14 Jul, 2017'}"
773951,"{'coming_soon': False, 'date': '4 Oct, 2019'}"
841190,"{'coming_soon': False, 'date': '3 Nov, 2022'}"
867290,"{'coming_soon': False, 'date': '23 Oct, 2019'}"
1104330,"{'coming_soon': False, 'date': '18 Dec, 2020'}"
1115450,"{'coming_soon': False, 'date': '26 Feb, 2020'}"
1139980,"{'coming_soon': False, 'date': '28 Jul, 2020'}"
1266630,"{'coming_soon': False, 'date': '21 Jun, 2022'}"
1335240,"{'coming_soon': False, 'date': '10 Jun, 2021'}"
1415410,"{'coming_soon': False, 'date': '14 Jan, 2021'}"
1509510,"{'coming_soon': False, 'date': '24 Oct, 2022'}"
1541840,
1546540,"{'coming_soon': False, 'date': '9 Mar, 2021'}"
1731520,"{'coming_soon': False, 'date': '14 Oct, 2021'}"
1802860,"{'coming_soon': False, 'date': '10 Jan, 2022'}"
1863750,"{'coming_soon': False, 'date': '6 Apr, 2023'}"
1986010,"{'coming_soon': False, 'date': '17 Apr, 2023'}"
2101080,"{'coming_soon': False, 'date': '22 Feb, 2023'}"
2281410,"{'coming_soon': False, 'date': '6 Feb, 2024'}"
3010,"{'coming_soon': False, 'date': '24 Aug, 2006'}"
318950,"{'coming_soon': False, 'date': '6 Oct, 2014'}"
326990,"{'coming_soon': False, 'date': '28 Oct, 2014'}"
474830,"{'coming_soon': False, 'date': '3 May, 2017'}"
475240,"{'coming_soon': False, 'date': '20 May, 2016'}"
503900,"{'coming_soon': False, 'date': '26 Jul, 2016'}"
504810,"{'coming_soon': False, 'date': '8 Sep, 2016'}"
513340,"{'coming_soon': False, 'date': '9 Aug, 2016'}"
525190,"{'coming_soon': False, 'date': '12 Sep, 2016'}"
576540,"{'coming_soon': False, 'date': '10 Jan, 2017'}"
578590,"{'coming_soon': False, 'date': '17 Mar, 2017'}"
581840,"{'coming_soon': False, 'date': '1 Feb, 2017'}"
596590,"{'coming_soon': False, 'date': '20 Feb, 2017'}"
605190,"{'coming_soon': False, 'date': '9 Apr, 2017'}"
755500,"{'coming_soon': False, 'date': '14 Mar, 2019'}"
573680,"{'coming_soon': False, 'date': '20 Oct, 2017'}"
899390,"{'coming_soon': False, 'date': '26 Mar, 2019'}"
767390,"{'coming_soon': False, 'date': '25 Sep, 2018'}"
1106140,"{'coming_soon': False, 'date': '29 Jun, 2023'}"
1124660,"{'coming_soon': False, 'date': '19 Sep, 2019'}"
1239260,"{'coming_soon': False, 'date': '28 Feb, 2020'}"
1329600,"{'coming_soon': False, 'date': '15 Apr, 2021'}"
2181930,"{'coming_soon': False, 'date': '13 Feb, 2023'}"
882960,"{'coming_soon': False, 'date': '7 Jul, 2018'}"
641080,"{'coming_soon': False, 'date': '26 Feb, 2019'}"
1065200,"{'coming_soon': False, 'date': '31 Jul, 2019'}"
1526490,"{'coming_soon': False, 'date': '19 Oct, 2021'}"
1866180,"{'coming_soon': False, 'date': '3 Aug, 2022'}"
283430,"{'coming_soon': False, 'date': '19 Mar, 2014'}"
311010,"{'coming_soon': False, 'date': '20 May, 2016'}"
375850,"{'coming_soon': False, 'date': '23 Jul, 2015'}"
468930,"{'coming_soon': False, 'date': '16 Aug, 2016'}"
504770,"{'coming_soon': False, 'date': '29 Jul, 2016'}"
200390,"{'coming_soon': False, 'date': '25 Jan, 2012'}"
209120,"{'coming_soon': False, 'date': '11 May, 2012'}"
384630,"{'coming_soon': False, 'date': '21 Dec, 2015'}"
386620,"{'coming_soon': False, 'date': '13 Sep, 2017'}"
505730,"{'coming_soon': False, 'date': '14 Feb, 2017'}"
675690,"{'coming_soon': False, 'date': '12 Nov, 2020'}"
280740,"{'coming_soon': False, 'date': '15 Jul, 2014'}"
1241700,"{'coming_soon': False, 'date': '18 Mar, 2020'}"
496920,
807340,"{'coming_soon': False, 'date': '2 Mar, 2018'}"
1773180,"{'coming_soon': False, 'date': '26 Sep, 2022'}"
1641700,"{'coming_soon': False, 'date': '15 Aug, 2023'}"
24790,"{'coming_soon': False, 'date': '13 Nov, 2009'}"
42920,"{'coming_soon': False, 'date': '8 Oct, 2010'}"
70900,"{'coming_soon': False, 'date': '20 Sep, 2010'}"
220700,"{'coming_soon': False, 'date': '10 Dec, 2012'}"
227760,"{'coming_soon': False, 'date': '18 Feb, 2013'}"
219190,"{'coming_soon': False, 'date': '18 Mar, 2013'}"
269250,"{'coming_soon': False, 'date': '17 Jun, 2014'}"
281860,"{'coming_soon': False, 'date': '27 Mar, 2014'}"
283820,"{'coming_soon': False, 'date': '11 Dec, 2014'}"
295710,"{'coming_soon': False, 'date': '22 Aug, 2014'}"
222750,"{'coming_soon': False, 'date': '29 May, 2013'}"
240760,"{'coming_soon': False, 'date': '18 Sep, 2014'}"
404730,"{'coming_soon': False, 'date': '18 Sep, 2014'}"
313400,"{'coming_soon': False, 'date': '24 Oct, 2014'}"
348950,"{'coming_soon': False, 'date': '7 Jul, 2015'}"
358750,"{'coming_soon': False, 'date': '4 Mar, 2016'}"
368160,"{'coming_soon': False, 'date': '21 Jul, 2015'}"
377710,"{'coming_soon': False, 'date': '29 Jul, 2015'}"
377720,"{'coming_soon': False, 'date': '29 Jul, 2015'}"
383460,"{'coming_soon': False, 'date': '30 Oct, 2015'}"
386970,"{'coming_soon': False, 'date': '4 Nov, 2016'}"
391310,"{'coming_soon': False, 'date': '21 Jun, 2016'}"
426690,"{'coming_soon': False, 'date': '27 Jan, 2016'}"
438130,"{'coming_soon': False, 'date': '27 Apr, 2016'}"
451760,"{'coming_soon': False, 'date': '17 Jun, 2016'}"
527190,"{'coming_soon': False, 'date': '21 Dec, 2016'}"
555640,"{'coming_soon': False, 'date': '22 Nov, 2016'}"
611670,"{'coming_soon': False, 'date': '2 Apr, 2018'}"
712100,"{'coming_soon': False, 'date': '2 May, 2018'}"
691690,"{'coming_soon': False, 'date': '23 Mar, 2018'}"
1073440,"{'coming_soon': False, 'date': '10 Jun, 2019'}"
1450080,"{'coming_soon': False, 'date': '24 Mar, 2021'}"
1450090,"{'coming_soon': False, 'date': '24 Feb, 2021'}"
1450120,"{'coming_soon': False, 'date': '7 Feb, 2021'}"
1985810,"{'coming_soon': False, 'date': '8 Mar, 2023'}"
215100,"{'coming_soon': False, 'date': '31 Oct, 2013'}"
241680,"{'coming_soon': False, 'date': '16 Dec, 2014'}"
906200,"{'coming_soon': False, 'date': '18 Jan, 2019'}"
341070,"{'coming_soon': False, 'date': '4 Feb, 2015'}"
655790,"{'coming_soon': False, 'date': '16 Jul, 2017'}"
211280,"{'coming_soon': False, 'date': '8 Jan, 2013'}"
266090,"{'coming_soon': False, 'date': '27 Jan, 2014'}"
293760,"{'coming_soon': False, 'date': '12 Mar, 2015'}"
705340,"{'coming_soon': False, 'date': '28 Jan, 2020'}"
1163550,"{'coming_soon': False, 'date': '28 Sep, 2020'}"
1182020,"{'coming_soon': False, 'date': '13 Apr, 2020'}"
12340,
236970,
12450,
2163330,
1530,
34410,
246420,
262450,
248490,
270910,
277450,
369290,
373650,
374830,
375680,
383840,
387850,
390290,
352720,
400080,
392940,
425410,
425670,
440540,
450670,
457490,
474210,
497080,
502710,
512300,"{'coming_soon': False, 'date': 'Sep 5, 2016'}"
580720,
587430,
589170,
599080,
628200,
655100,
669290,
673610,
754850,
774791,
824280,
858060,
905970,
1178220,
1178780,
1211020,
311310,
1266700,
1331550,
1403020,
1523650,
335670,
404790,
668210,
1096900,
1598560,
1614040,
2324650,
44340,
12260,
223430,
226120,
355400,
448320,
449540,
513740,
610780,
611350,
622040,
646100,
753990,
766600,
799860,
858590,
869760,
966610,
1003360,
1127460,
703430,
853550,
1087460,
1261040,
1291500,
1372530,
391730,
666860,
689040,
1006710,
1121710,
2180600,
2203070,
504730,
44310,
240970,
312150,
230270,
340810,
559210,
665270,
792660,
924650,
941410,
1792250,
2500750,
711390,
205270,
842100,
1532690,
2347110,
804440,
1218210,
1223750,
2116260,
2261050,
2529820,
338050,
867140,
1150690,"{'coming_soon': False, 'date': '25 Dec, 2020'}"
1260390,
1446850,
204120,
1740720,
260190,
284240,
306760,
336280,
339040,
346940,
373990,
374400,
374900,
382300,
229580,
388340,
411970,
429780,
435060,
453270,
384250,
381120,
481510,"{'coming_soon': False, 'date': '21 Feb, 2017'}"
547680,
861650,
882560,
244630,
9880,
227180,
376570,
392060,
417890,
505750,
523070,
533780,
592890,
630140,
634070,
669580,
702320,
720380,
662320,
914320,
914700,
1083600,
2113050,
2325900,
1176710,
461520,
362930,"{'coming_soon': False, 'date': '16 Oct, 2015'}"
1142100,
1142500,
316240,
842500,
1263550,
583010,
839310,
862800,
1378990,
1388870,
1282590,
269190,
335620,
344860,
470310,
574720,
699170,
716490,
726840,
684450,
1488200,
330580,
944110,
958480,
1185520,
1310910,
2022180,
12520,
33730,
248290,
283040,
284970,
292200,
301050,
315940,
337940,
338800,
340130,
342090,
354640,
354960,
357200,
552280,
745960,
812560,
820730,
1044620,
1069230,
325180,
1299420,
263700,
298400,
359220,
737010,
857980,"{'coming_soon': False, 'date': '28 May, 2019'}"
1019100,
1051690,
1055430,
1707650,
1009560,
658970,
722750,
731910,
807890,
405900,
495280,"{'coming_soon': False, 'date': '30 Jan, 2017'}"
803600,"{'coming_soon': False, 'date': '22 Oct, 2018'}"
882710,
924980,"{'coming_soon': False, 'date': '24 Apr, 2020'}"
1167100,
1191840,
1233880,"{'coming_soon': False, 'date': '10 Sep, 2020'}"
1288310,
1696440,
1718570,
1939560,
1868180,
6010,
603140,
623080,
863570,
227920,
505060,
433530,
1371480,
1763050,
1968340,
2209680,
2027330,
733610,
1344350,
1599020,
1732740,
1842810,
1863670,
2273880,
2427700,
1529570,
205550,
99910,
105430,
109410,
286080,
238910,
259360,
267060,
267940,
312640,
328940,
344130,
346210,
348960,
350620,
351800,
356200,
357780,
357900,
359810,
368650,
371390,
375010,
375620,
385890,
389400,
392820,
402330,
404070,
405950,
272890,
415350,
415960,
416690,
418160,
418430,
424000,
430020,
434210,
434500,
435140,
440730,
448460,
448470,
449520,
449530,
452920,
453850,
455970,
456660,
461880,
461890,
463100,
463710,
466890,
473810,
485390,
485890,
495780,
496680,
497100,
502090,
507380,
507390,
520530,
531800,
536410,
543170,
543360,
551080,
551930,
571020,
571870,
575840,
576750,
579150,
622170,
662830,
1126320,
1172940,
1545450,
1840490,"{'coming_soon': False, 'date': 'Dec 17, 2021'}"
2067790,
2162520,
390570,
411370,"{'coming_soon': False, 'date': '19 Apr, 2016'}"
522880,
658620,
965010,
970570,
976390,
1144300,
1145030,
1714320,
346290,
608990,
760510,
640890,
1755910,
664830,
443080,
326160,
342190,
977690,
1363430,
214170,
224440,
207930,
251970,
252290,
290320,
293940,
297060,
297810,
301220,
219760,
312200,
253510,
323060,
339200,
368720,
372800,
381180,
398850,
403970,
471010,
573120,
378540,
672970,
730590,
565020,
770070,
780580,
840800,
929010,
957440,
449960,
1151080,
1390680,
1614730,
2244800,
2321580,
2488510,
1026420,
2586870,
207210,
666330,
293840,
300760,
362610,
368750,
388420,
424830,
453980,
1240290,
1131080,
338060,
429680,
648580,
570780,
1111450,
22130,
404530,
1106840,
2530670,
1008210,
1568940,
2624740,
1497640,
381870,
453670,
473140,
529240,
562730,
604780,
606860,
610730,
628950,
634340,
3380,
214700,
212700,
111900,
252830,
242980,
262490,
262900,
264340,
265670,
274230,
274290,
300540,
311480,
358090,
364230,
561770,
680830,
1102130,
1353270,
1862660,
300820,
370090,
382140,
477290,
670350,
41050,
201480,
222520,
280620,
311260,
297210,
39650,
39660,
39680,
345790,
352160,
380360,
2700,
285310,
521150,
322780,
643980,
707030,
765810,
825580,
841500,
949290,
1318690,
1454160,
1519890,
1615290,
1623880,
1150530,
340540,
1372810,
222160,
278570,
280640,
291170,
295250,
332480,
338840,
339290,
349460,
356880,
360010,
361850,
365110,
368710,
376730,
380000,
386110,
388660,
389160,
389900,
395250,
399420,"{'coming_soon': False, 'date': 'Sep 3, 2015'}"
418040,
270570,
429280,
430080,
431750,
432260,
434890,
439930,
454100,
464070,
464230,
469890,
485920,
490910,
495570,
503830,
506760,
512550,
513980,
521430,
521590,
527710,
527800,
529900,
530540,
533340,
540190,
540900,
541920,
542880,
545470,
545690,
550810,
555930,
557030,
559960,
562640,
567150,
575750,
575760,
575780,
575860,
575890,
576050,
581200,
581600,
585560,
585950,
586130,
589640,
592060,
594720,
595780,
601240,
603060,
607210,
610810,
614950,
614960,
617710,
619740,
621150,
623550,
627950,
631830,
635850,
635880,
648120,
715010,
754120,
813540,
993740,
715210,
1046820,
1157750,
1252560,
1334000,
1334010,
362400,
246700,
296630,
302010,
422970,
432470,
436320,
457420,
752480,
810500,
844040,
954850,
1037020,"{'coming_soon': False, 'date': '21 Oct, 2020'}"
1079800,
1170060,
844380,
1222580,
976800,
1292040,
1296610,
1055210,
1358140,
1512590,
1514950,
1583230,"{'coming_soon': False, 'date': '13 Dec, 2022'}"
1592190,
1608470,
1674780,
1717770,
1743850,
1316910,
1759380,
1651960,"{'coming_soon': False, 'date': 'Nov 16, 2021'}"
1824960,
1895130,
1922010,
1947070,
1347970,
2330500,
2441700,
591370,
1594320,
548290,
557810,
20840,
220050,
389280,
441920,
485650,
524970,
542480,
557400,
689090,
726390,
729580,
40330,
246300,
251430,
253770,
230840,
285380,
314810,
333260,
350910,
357750,
385330,
417880,
433100,
567980,
596000,
782130,
794800,
965210,
1537710,
1363250,
1364130,
787740,
803980,
1058380,
108200,
8300,
234490,
251910,
260550,
266940,
281060,
286500,
291330,
299840,
300060,
301540,
302120,
308060,
313140,
334940,
340220,
344230,
344790,
345130,
354920,
355280,
355410,
356070,
359580,
360830,
360890,
366220,
366610,
247950,
371460,
371330,
381140,
388050,
390710,
391600,
393230,
395380,
369360,
404660,
405500,
414580,
418610,
422650,
423760,
429060,
431640,
432170,
434220,
434800,
448790,
449760,
451660,
453950,
454080,
455940,
460150,
463670,
466780,
485560,
485570,
485640,
485660,
485830,
487350,
489020,
490980,
492280,
493780,
496120,
496530,
497020,
497560,"{'coming_soon': False, 'date': '6 Jan, 2017'}"
502910,"{'coming_soon': False, 'date': '29 Jul, 2016'}"
507400,"{'coming_soon': False, 'date': 'May 15, 2017'}"
509850,"{'coming_soon': False, 'date': 'Sep 12, 2016'}"
509930,"{'coming_soon': False, 'date': 'Sep 8, 2016'}"
510330,"{'coming_soon': False, 'date': '15 Sep, 2016'}"
513820,"{'coming_soon': False, 'date': '26 Oct, 2016'}"
516410,"{'coming_soon': False, 'date': '4 Jan, 2017'}"
523160,"{'coming_soon': False, 'date': '7 Oct, 2016'}"
527790,"{'coming_soon': False, 'date': '23 Sep, 2016'}"
531240,"{'coming_soon': False, 'date': '21 Oct, 2016'}"
533860,"{'coming_soon': False, 'date': '14 Nov, 2016'}"
534290,"{'coming_soon': False, 'date': '20 Oct, 2016'}"
539450,"{'coming_soon': False, 'date': '19 Jan, 2017'}"
543160,"{'coming_soon': False, 'date': '5 Nov, 2016'}"
544330,"{'coming_soon': False, 'date': '28 Mar, 2017'}"
551520,"{'coming_soon': False, 'date': '17 Nov, 2016'}"
552900,"{'coming_soon': False, 'date': '7 Apr, 2017'}"
562240,"{'coming_soon': False, 'date': '2 Jan, 2017'}"
562650,
566670,"{'coming_soon': False, 'date': '20 Jan, 2017'}"
567680,"{'coming_soon': False, 'date': '17 Jan, 2017'}"
575830,"{'coming_soon': False, 'date': '3 Mar, 2017'}"
576500,"{'coming_soon': False, 'date': '16 Aug, 2018'}"
580420,"{'coming_soon': False, 'date': '20 Jan, 2017'}"
580910,"{'coming_soon': False, 'date': '31 Aug, 2017'}"
581100,"{'coming_soon': False, 'date': '27 Feb, 2017'}"
581380,"{'coming_soon': False, 'date': '1 May, 2017'}"
581820,"{'coming_soon': False, 'date': '18 Jan, 2017'}"
581970,"{'coming_soon': False, 'date': '10 Feb, 2017'}"
582290,"{'coming_soon': False, 'date': '10 Mar, 2020'}"
584860,"{'coming_soon': False, 'date': '15 Mar, 2017'}"
584890,"{'coming_soon': False, 'date': '17 May, 2018'}"
594160,"{'coming_soon': False, 'date': '16 Mar, 2017'}"
595640,"{'coming_soon': False, 'date': '21 Feb, 2017'}"
601570,"{'coming_soon': False, 'date': '8 Mar, 2017'}"
606330,"{'coming_soon': False, 'date': '24 Mar, 2017'}"
600210,"{'coming_soon': False, 'date': '31 Mar, 2017'}"
614460,"{'coming_soon': False, 'date': '5 Apr, 2017'}"
623940,"{'coming_soon': False, 'date': '14 Sep, 2017'}"
628760,"{'coming_soon': False, 'date': '29 Jul, 2017'}"
647040,"{'coming_soon': False, 'date': '13 Jul, 2017'}"
673660,"{'coming_soon': False, 'date': '21 Jul, 2017'}"
673720,"{'coming_soon': False, 'date': '8 Aug, 2017'}"
682910,"{'coming_soon': False, 'date': '7 Aug, 2017'}"
696480,"{'coming_soon': False, 'date': '2 Oct, 2017'}"
701720,"{'coming_soon': False, 'date': '8 Sep, 2017'}"
719120,"{'coming_soon': False, 'date': '31 Oct, 2017'}"
724740,"{'coming_soon': False, 'date': '31 Oct, 2017'}"
725280,"{'coming_soon': False, 'date': '10 Nov, 2017'}"
731230,"{'coming_soon': False, 'date': '24 Nov, 2017'}"
783050,"{'coming_soon': False, 'date': '8 Feb, 2018'}"
815830,"{'coming_soon': False, 'date': '26 Mar, 2018'}"
834420,"{'coming_soon': False, 'date': '10 Apr, 2018'}"
951940,"{'coming_soon': False, 'date': '19 Feb, 2019'}"
15080,"{'coming_soon': False, 'date': '13 Jun, 2008'}"
104020,"{'coming_soon': False, 'date': '19 Jan, 2012'}"
287100,"{'coming_soon': False, 'date': '1 May, 2014'}"
306260,"{'coming_soon': False, 'date': '25 Jul, 2014'}"
357930,"{'coming_soon': False, 'date': '1 Apr, 2015'}"
446840,"{'coming_soon': False, 'date': '7 Feb, 2017'}"
41060,"{'coming_soon': False, 'date': '30 Aug, 2019'}"
111600,"{'coming_soon': False, 'date': '30 Aug, 2011'}"
214190,"{'coming_soon': False, 'date': '10 Sep, 2014'}"
359960,"{'coming_soon': False, 'date': '16 Jul, 2015'}"
466220,"{'coming_soon': False, 'date': '14 Apr, 2017'}"
37420,"{'coming_soon': False, 'date': '25 Aug, 2009'}"
42120,"{'coming_soon': False, 'date': '8 Apr, 2010'}"
318220,"{'coming_soon': False, 'date': '24 Oct, 2014'}"
897630,"{'coming_soon': False, 'date': '17 Aug, 2018'}"
404550,"{'coming_soon': False, 'date': '24 Nov, 2015'}"
205710,"{'coming_soon': False, 'date': '13 Dec, 2012'}"
484900,"{'coming_soon': False, 'date': '25 Jul, 2017'}"
596650,"{'coming_soon': False, 'date': '3 Mar, 2017'}"
602700,"{'coming_soon': False, 'date': '14 Jun, 2019'}"
671970,"{'coming_soon': False, 'date': '13 Oct, 2021'}"
684870,"{'coming_soon': False, 'date': '9 Aug, 2017'}"
748300,"{'coming_soon': False, 'date': '6 Dec, 2018'}"
758690,"{'coming_soon': False, 'date': '10 May, 2023'}"
782660,"{'coming_soon': False, 'date': '26 Feb, 2018'}"
838630,"{'coming_soon': False, 'date': '14 Apr, 2020'}"
855740,"{'coming_soon': False, 'date': '12 May, 2023'}"
944770,"{'coming_soon': False, 'date': '20 Dec, 2018'}"
989770,"{'coming_soon': False, 'date': '28 Nov, 2019'}"
991170,"{'coming_soon': False, 'date': '15 Jun, 2020'}"
421650,
1078760,"{'coming_soon': False, 'date': '17 Nov, 2021'}"
1141530,"{'coming_soon': False, 'date': '16 May, 2020'}"
567730,
1281080,"{'coming_soon': False, 'date': '21 Apr, 2020'}"
1296280,"{'coming_soon': False, 'date': '23 Jun, 2020'}"
1340530,"{'coming_soon': False, 'date': '27 Aug, 2020'}"
1391000,"{'coming_soon': False, 'date': '3 Sep, 2020'}"
1433570,"{'coming_soon': False, 'date': '13 Apr, 2022'}"
1515180,"{'coming_soon': False, 'date': '31 Mar, 2021'}"
46510,"{'coming_soon': False, 'date': '19 May, 2011'}"
1783530,"{'coming_soon': False, 'date': '6 Nov, 2021'}"
46420,
451340,"{'coming_soon': False, 'date': '13 Oct, 2017'}"
625080,"{'coming_soon': False, 'date': '22 Jun, 2017'}"
1200230,"{'coming_soon': False, 'date': '20 Feb, 2020'}"
817510,"{'coming_soon': False, 'date': '28 Mar, 2018'}"
729660,"{'coming_soon': False, 'date': '20 Oct, 2017'}"
266230,"{'coming_soon': False, 'date': '13 Mar, 2014'}"
370040,"{'coming_soon': False, 'date': '25 May, 2015'}"
373440,"{'coming_soon': False, 'date': '28 May, 2015'}"
383520,"{'coming_soon': False, 'date': '7 Jul, 2015'}"
110500,"{'coming_soon': False, 'date': '24 Oct, 2011'}"
227780,"{'coming_soon': False, 'date': '30 Aug, 2019'}"
12230,"{'coming_soon': False, 'date': ''}"
12240,
252350,"{'coming_soon': False, 'date': '6 Feb, 2014'}"
270510,"{'coming_soon': False, 'date': '5 Jun, 2014'}"
277870,"{'coming_soon': False, 'date': '5 Mar, 2014'}"
1058200,"{'coming_soon': False, 'date': '18 Nov, 2019'}"
296050,"{'coming_soon': False, 'date': '30 May, 2014'}"
304670,"{'coming_soon': False, 'date': '3 Jul, 2014'}"
332400,"{'coming_soon': False, 'date': '10 Jul, 2015'}"
340820,
342970,"{'coming_soon': False, 'date': '5 May, 2016'}"
345120,"{'coming_soon': False, 'date': '17 Mar, 2015'}"
363670,"{'coming_soon': False, 'date': '21 Aug, 2015'}"
365400,"{'coming_soon': False, 'date': '11 May, 2015'}"
368770,"{'coming_soon': False, 'date': '12 Aug, 2015'}"
368780,"{'coming_soon': False, 'date': '5 Aug, 2015'}"
369000,"{'coming_soon': False, 'date': '11 May, 2015'}"
368760,"{'coming_soon': False, 'date': '1 Jul, 2015'}"
371220,"{'coming_soon': False, 'date': '25 Sep, 2015'}"
373290,"{'coming_soon': False, 'date': '26 May, 2015'}"
380120,"{'coming_soon': False, 'date': '24 Jun, 2015'}"
383630,"{'coming_soon': False, 'date': '15 Jul, 2015'}"
380550,"{'coming_soon': False, 'date': '30 Jun, 2015'}"
386420,"{'coming_soon': False, 'date': '31 Jul, 2015'}"
386870,"{'coming_soon': False, 'date': '27 Aug, 2015'}"
387860,"{'coming_soon': False, 'date': '10 Aug, 2015'}"
387930,"{'coming_soon': False, 'date': '19 Nov, 2015'}"
388390,"{'coming_soon': False, 'date': '20 Jul, 2015'}"
393240,"{'coming_soon': False, 'date': '19 Oct, 2015'}"
393930,"{'coming_soon': False, 'date': '14 Jul, 2016'}"
395920,"{'coming_soon': False, 'date': '21 Oct, 2015'}"
407420,"{'coming_soon': False, 'date': '14 Dec, 2015'}"
409340,"{'coming_soon': False, 'date': '29 Jan, 2016'}"
423720,"{'coming_soon': False, 'date': '2 May, 2016'}"
433910,"{'coming_soon': False, 'date': '12 May, 2016'}"
436530,"{'coming_soon': False, 'date': '22 Nov, 2016'}"
440790,"{'coming_soon': False, 'date': '4 Mar, 2016'}"
444930,"{'coming_soon': False, 'date': '16 Jun, 2016'}"
449060,"{'coming_soon': False, 'date': '23 Mar, 2016'}"
449730,"{'coming_soon': False, 'date': '1 Dec, 2016'}"
450060,"{'coming_soon': False, 'date': '6 May, 2016'}"
451700,"{'coming_soon': False, 'date': '3 May, 2016'}"
453830,"{'coming_soon': False, 'date': '13 May, 2016'}"
454970,"{'coming_soon': False, 'date': '15 Apr, 2016'}"
458600,"{'coming_soon': False, 'date': '17 Apr, 2017'}"
459640,"{'coming_soon': False, 'date': '17 Mar, 2017'}"
461390,"{'coming_soon': False, 'date': '19 Jan, 2017'}"
461490,"{'coming_soon': False, 'date': '7 Jul, 2016'}"
463880,"{'coming_soon': False, 'date': '20 Feb, 2017'}"
474050,"{'coming_soon': False, 'date': '30 Jun, 2016'}"
481600,"{'coming_soon': False, 'date': '30 Jan, 2017'}"
481870,"{'coming_soon': False, 'date': '12 Oct, 2018'}"
485430,"{'coming_soon': False, 'date': '17 Dec, 2016'}"
486850,"{'coming_soon': False, 'date': '21 Jun, 2016'}"
487370,"{'coming_soon': False, 'date': '6 Jun, 2016'}"
490870,"{'coming_soon': False, 'date': '18 Nov, 2016'}"
491720,"{'coming_soon': False, 'date': '2 Aug, 2016'}"
494290,"{'coming_soon': False, 'date': '11 Jul, 2016'}"
502100,"{'coming_soon': False, 'date': '26 Oct, 2016'}"
502400,"{'coming_soon': False, 'date': '1 Aug, 2016'}"
503680,"{'coming_soon': False, 'date': '2 Sep, 2016'}"
504980,"{'coming_soon': False, 'date': '1 Aug, 2016'}"
506730,"{'coming_soon': False, 'date': '17 May, 2017'}"
508380,
508840,"{'coming_soon': False, 'date': '1 Aug, 2016'}"
513230,"{'coming_soon': False, 'date': '1 Sep, 2016'}"
513290,"{'coming_soon': False, 'date': '13 Dec, 2018'}"
514890,"{'coming_soon': False, 'date': '15 Sep, 2016'}"
518620,"{'coming_soon': False, 'date': '14 Oct, 2016'}"
518730,"{'coming_soon': False, 'date': '2 Oct, 2016'}"
521630,"{'coming_soon': False, 'date': '22 Sep, 2016'}"
525300,"{'coming_soon': False, 'date': '2 Sep, 2016'}"
525690,"{'coming_soon': False, 'date': '1 May, 2017'}"
529420,"{'coming_soon': False, 'date': '26 Oct, 2016'}"
533180,"{'coming_soon': False, 'date': '7 Dec, 2016'}"
536750,"{'coming_soon': False, 'date': '14 Oct, 2016'}"
539460,"{'coming_soon': False, 'date': '11 Oct, 2016'}"
544870,"{'coming_soon': False, 'date': '21 Oct, 2016'}"
546090,"{'coming_soon': False, 'date': '21 Oct, 2016'}"
546930,"{'coming_soon': False, 'date': '15 May, 2017'}"
548130,"{'coming_soon': False, 'date': '29 Mar, 2017'}"
552780,"{'coming_soon': False, 'date': '7 Dec, 2016'}"
553610,"{'coming_soon': False, 'date': '24 Nov, 2016'}"
553790,"{'coming_soon': False, 'date': '9 Nov, 2016'}"
554330,"{'coming_soon': False, 'date': '23 Feb, 2017'}"
556260,"{'coming_soon': False, 'date': '17 Oct, 2017'}"
560710,"{'coming_soon': False, 'date': '30 Dec, 2016'}"
562290,"{'coming_soon': False, 'date': '1 May, 2017'}"
562430,"{'coming_soon': False, 'date': '1 Oct, 2018'}"
562520,"{'coming_soon': False, 'date': '8 Dec, 2016'}"
567780,"{'coming_soon': False, 'date': '2 Feb, 2017'}"
568500,"{'coming_soon': False, 'date': '18 Dec, 2016'}"
544180,"{'coming_soon': False, 'date': '28 Dec, 2016'}"
576810,"{'coming_soon': False, 'date': '3 Feb, 2017'}"
580560,
584800,
534560,
588920,
593740,
602880,
603360,
604140,
604490,
605210,
607040,
618490,
618750,
619220,
622920,
627670,
632200,
650490,
652550,
656140,
656610,
672860,
673800,
675940,
680620,
684050,
690740,
693250,
701470,
705710,
709840,
709870,
712010,
718660,
721940,
723450,
724430,
725780,
632050,
738000,
739690,
747190,
756230,
774281,
776340,
780750,
781440,
783590,
786720,
798850,
818480,
821390,
822680,
826160,
827640,
828150,
832680,
843780,
852110,
854810,
857010,
857050,
857060,
879510,
350280,
938860,"{'coming_soon': False, 'date': '21 Sep, 2021'}"
565110,
982150,
1024380,
1072120,
1079310,
252130,
1085750,
1091950,
1106860,
1113680,
1129220,
1171310,
490860,
1125480,
702150,
335190,
600430,
835950,
727020,
1307090,
1076280,
1363850,
1395560,
919220,
1477060,
1480120,
1549030,
1656240,
1679320,
1678140,
1736840,
1766790,
1770380,
1812280,
1846920,
1978610,
1990740,
2163590,
1670460,
201510,
232450,
1798020,
3820,
6200,
18820,
60600,
18070,
70620,
211440,
218410,
105420,
202270,
232970,
228960,
225160,
243780,
226960,
252270,
253130,
247240,
255300,
257120,
258010,
254440,
261940,
269530,
227060,
281220,
281350,
283000,
283020,
116100,
294460,
297490,
298160,
299780,
300220,
302610,
302950,
304460,
305640,
307760,
311080,
314010,
315080,
313360,
315260,
317300,
327650,
330470,
331200,
203830,
336200,
340120,
341860,
342620,
342650,
235360,
345060,
345440,
348530,
349440,
350630,
372820,
380580,
389460,
397580,
808910,
996770,
1057750,
1103730,
1154830,
1203180,
1356240,
1645820,
1722760,
1502190,
1402110,
1267240,
371280,
444410,
447800,
463030,
530860,
554800,
555850,
548720,
576480,
582920,
621050,
637330,
531960,
853770,
1321450,
1596310,
1699860,
1754840,
2276930,
44100,
40930,
21970,
107200,
98800,
211360,
211260,
216890,
227200,
251830,
259060,
273070,
339190,
367600,
307670,
607080,
760650,
830590,
867210,
975510,"{'coming_soon': False, 'date': '21 Jul, 2020'}"
1478070,
1605220,
1675670,
623880,
800270,
915460,
1658870,
1951230,
1584660,
336520,
339130,
641960,
970840,
520950,
371180,
452780,
797470,
392020,
3300,
416630,
486120,
578850,
606690,
749880,
766280,
869880,
1011940,
1309000,
1477810,
1520500,
1619750,
1757490,
1802870,
1950450,
2069640,
2102760,
2291680,
2588590,
2745710,
390560,
539650,
1144170,
686260,
44650,
44670,
44680,
224340,
1386780,
290770,"{'coming_soon': False, 'date': 'May 30, 2014'}"
421170,
441790,
446610,
485380,
518660,
611750,
886040,
887720,
966870,
987400,
1182920,
1210110,
1296770,
1528000,
63200,
211600,
210170,
220780,"{'coming_soon': False, 'date': 'Nov 12, 2012'}"
251730,
272270,
280200,
307590,
319470,
338170,
253390,
311720,
365770,
370360,
317820,
394970,
400110,
420530,"{'coming_soon': False, 'date': 'Dec 2016'}"
461560,
382050,
500670,
369070,
709920,
867480,
983970,
1048740,
1111370,
1129190,
1140270,"{'coming_soon': False, 'date': '23 Oct, 2020'}"
1665190,
1733060,
1822910,
1874490,"{'coming_soon': False, 'date': 'Oct 17, 2022'}"
1969080,
1972710,
2070550,
2084930,
2108950,
470130,
458770,
587420,
625470,
999860,
1043340,
1150760,"{'coming_soon': False, 'date': '5 Sep, 2022'}"
1179080,
1384770,
1846170,
1935660,
2193490,
2275150,
402890,
876460,
11260,
9940,
15740,
211580,
230700,
242780,
242820,
95000,
238240,
244690,
244890,
241620,
249590,
242530,
252010,
231310,
45500,
259470,
260570,
207750,
262470,
262770,
262920,
263320,
263520,
263560,
263960,
264000,
264560,
265790,
244410,
268320,
269270,
271970,
257970,
277470,
278530,
279140,
284390,
284750,
284810,
284910,
286810,
287840,
290280,
291130,
291270,
300320,
301380,
276890,
306950,
310080,"{'coming_soon': False, 'date': '4 Sep, 2014'}"
312230,
312630,
313080,
313130,
316140,
316720,
317610,
319230,
319320,
320540,
320760,
320790,
323450,
297120,
324420,
324730,
325870,
327260,
328270,
330660,
330820,
330990,
331760,
331980,
332710,
333490,
334620,
334850,
335450,
335460,
335690,
335900,
336110,
337040,
337630,
339860,
333760,
340800,
341120,
341150,
341390,
341680,
341730,
310740,
342280,
342300,
342610,
343090,
335660,
343800,
345540,
345860,
346080,
294440,
347030,
207370,
207380,
348400,
348540,
349680,
350010,
346780,
349540,
351340,
351400,
352010,
352780,
352960,
353070,
353330,
354040,
348180,
354180,
354950,
355100,
356540,
356550,
356560,
356890,
334420,
356380,
357600,
358770,
359040,
359560,
360390,
360730,
360880,
361160,
361400,
363240,
363410,
363510,
363790,
363920,
364190,
356170,
364770,
365280,
365350,
365680,
366210,
293740,
367000,
367020,
367240,
367300,
367780,
368140,
368590,
368700,
368790,
368830,
368970,
369060,
369080,
369420,
369890,
370300,
370480,
370590,
370940,
371320,
371410,
371550,
371900,
372030,
332410,
373240,
373360,
373730,
328730,
373970,
375170,
375420,
375430,
375930,
375290,
378080,
379320,
380700,
381560,
379960,
383670,
383750,
383930,
383960,
384680,
384990,
385020,
385360,
384950,
386090,
386700,
386990,
387060,
387070,
387240,
388500,
390200,
390880,
390910,
391390,
308420,
392030,
385240,
392930,
393600,
393950,
393980,
394280,
395140,
395420,
332390,
396530,
370170,
397570,
400410,
400790,
401840,
402170,
402220,
402620,
402850,
403510,
379640,
405010,
407020,
407150,
407340,
407680,
409380,
410120,
410130,
409310,
411120,
412730,
413680,
414080,
416030,
416200,
416370,
417110,
418960,
419090,
420100,
420770,
421180,
421260,
421880,
428100,
429580,
430170,
427980,
416040,
444460,
402150,
449250,
452510,
460160,
462990,
464490,
483960,
490390,
496630,
449830,
593200,
1170820,
6800,
6810,
225300,
224300,
240600,
303800,
303830,
377450,
539300,
558780,
582810,
662190,
765870,
1985820,"{'coming_soon': False, 'date': '8 Mar, 2023'}"
1546970,
2306740,
61520,
298050,
360950,
21760,
21910,
25980,
23450,
48210,
207890,
224740,
227680,
18490,
232810,
252250,
256050,
227020,
291930,
310470,
289930,
334310,
326410,
341030,
344850,"{'coming_soon': False, 'date': '27 Aug, 2015'}"
667610,
736820,
773790,
911430,
954870,
987840,
1083300,
1099410,
1123830,
1157220,
1158420,
1176470,
1182110,
1287530,
840390,
1336180,
1380910,
1471040,
1489970,
1492360,
1511460,
1527950,
1538570,
1614550,
1620290,
1644320,
1649080,
1700870,
1937500,
1981570,
2198510,
2244130,
2370310,"{'coming_soon': False, 'date': 'May 18, 2023'}"
1937780,
1286880,
2170420,
2422090,
7200,
253690,
240460,
664430,
790740,
1444480,
1708520,
1967510,
418110,
294730,
454180,
542780,
728730,
1146940,
213120,
328060,
343630,
380770,
385380,
433280,
440740,
464080,
467760,
492800,
438490,
553310,
556180,
609940,
551170,
1158980,
1222800,
1316230,
1592110,
462110,
485500,
1239300,
1509820,
6370,
208030,
215870,"{'coming_soon': False, 'date': 'Mar 13, 2013'}"
389430,
434530,
514460,
557190,
645690,
579180,
888790,
1021770,
1230140,
1265240,
1345740,
1367550,
872410,
1567800,
1732330,
1879330,"{'coming_soon': False, 'date': 'Jul 12, 2022'}"
1811950,
2113920,
427950,
1942660,
339600,"{'coming_soon': False, 'date': '14 Dec, 2015'}"
511090,"{'coming_soon': False, 'date': 'Oct 25, 2016'}"
934430,
1283970,"{'coming_soon': False, 'date': '1 May, 2020'}"
1737340,"{'coming_soon': False, 'date': '13 Feb, 2023'}"
1230170,"{'coming_soon': False, 'date': '10 May, 2023'}"
1269370,"{'coming_soon': False, 'date': '17 Nov, 2022'}"
814540,"{'coming_soon': False, 'date': '4 Apr, 2018'}"
201830,"{'coming_soon': False, 'date': ''}"
613270,"{'coming_soon': False, 'date': '7 Jul, 2017'}"
790750,"{'coming_soon': False, 'date': '9 Nov, 2018'}"
338000,"{'coming_soon': False, 'date': '15 Jan, 2015'}"
570380,"{'coming_soon': False, 'date': '23 Jan, 2017'}"
672730,"{'coming_soon': False, 'date': '4 Sep, 2017'}"
689400,"{'coming_soon': False, 'date': '1 Sep, 2017'}"
735850,"{'coming_soon': False, 'date': '18 Apr, 2018'}"
523740,"{'coming_soon': False, 'date': '21 Dec, 2017'}"
1275640,"{'coming_soon': False, 'date': '17 Apr, 2020'}"
334030,"{'coming_soon': False, 'date': '5 May, 2015'}"
343270,"{'coming_soon': False, 'date': '16 Jan, 2015'}"
247370,"{'coming_soon': False, 'date': '21 Nov, 2013'}"
397690,"{'coming_soon': False, 'date': '4 Sep, 2015'}"
464780,"{'coming_soon': False, 'date': '21 Jun, 2016'}"
488660,"{'coming_soon': False, 'date': '25 Jul, 2016'}"
508410,"{'coming_soon': False, 'date': '4 Jun, 2018'}"
572890,"{'coming_soon': False, 'date': '24 Jan, 2019'}"
999020,"{'coming_soon': False, 'date': '25 Feb, 2020'}"
1016790,"{'coming_soon': False, 'date': '18 Jun, 2020'}"
1034910,"{'coming_soon': False, 'date': '29 Nov, 2019'}"
1601740,"{'coming_soon': False, 'date': '14 Feb, 2023'}"
1787820,"{'coming_soon': False, 'date': '2 Dec, 2021'}"
251450,"{'coming_soon': False, 'date': '15 Dec, 2016'}"
679740,"{'coming_soon': False, 'date': '3 Aug, 2017'}"
746910,"{'coming_soon': False, 'date': '5 Dec, 2017'}"
407060,"{'coming_soon': False, 'date': '31 Mar, 2016'}"
549090,"{'coming_soon': False, 'date': '1 Dec, 2016'}"
585860,"{'coming_soon': False, 'date': '7 Jun, 2017'}"
470260,"{'coming_soon': False, 'date': '14 Sep, 2016'}"
618690,"{'coming_soon': False, 'date': '15 Jun, 2017'}"
689580,"{'coming_soon': False, 'date': '28 Aug, 2017'}"
868020,"{'coming_soon': False, 'date': '25 Jun, 2019'}"
741820,"{'coming_soon': False, 'date': '11 Dec, 2018'}"
927270,"{'coming_soon': False, 'date': '18 Oct, 2018'}"
265690,"{'coming_soon': False, 'date': '13 Feb, 2014'}"
1039880,"{'coming_soon': False, 'date': '9 Sep, 2019'}"
1051200,"{'coming_soon': False, 'date': '4 Jun, 2019'}"
1205520,"{'coming_soon': False, 'date': '14 Nov, 2022'}"
1256230,"{'coming_soon': False, 'date': '14 Mar, 2022'}"
235780,"{'coming_soon': False, 'date': '28 Apr, 2013'}"
388620,"{'coming_soon': False, 'date': '4 Sep, 2015'}"
846770,"{'coming_soon': False, 'date': '16 Nov, 2021'}"
1910780,"{'coming_soon': False, 'date': '9 Jun, 2022'}"
293010,
413710,"{'coming_soon': False, 'date': '10 Dec, 2015'}"
239660,"{'coming_soon': False, 'date': '3 Jul, 2013'}"
321480,"{'coming_soon': False, 'date': '13 Oct, 2014'}"
361630,"{'coming_soon': False, 'date': '16 Apr, 2015'}"
33570,"{'coming_soon': False, 'date': '18 Nov, 2010'}"
216090,"{'coming_soon': False, 'date': '14 Mar, 2013'}"
327640,"{'coming_soon': False, 'date': '20 Jan, 2015'}"
266410,"{'coming_soon': False, 'date': '12 Jan, 2015'}"
349730,"{'coming_soon': False, 'date': '12 Aug, 2020'}"
390870,"{'coming_soon': False, 'date': '17 Nov, 2015'}"
398840,"{'coming_soon': False, 'date': 'Oct 15, 2015'}"
399660,
445190,"{'coming_soon': False, 'date': '27 Apr, 2017'}"
516110,"{'coming_soon': False, 'date': '28 Feb, 2019'}"
530320,"{'coming_soon': False, 'date': '27 Sep, 2018'}"
546430,"{'coming_soon': False, 'date': '11 Apr, 2019'}"
555880,"{'coming_soon': False, 'date': '6 Feb, 2018'}"
579720,"{'coming_soon': False, 'date': '18 May, 2017'}"
585080,"{'coming_soon': False, 'date': '9 Jun, 2017'}"
615120,"{'coming_soon': False, 'date': '19 Jul, 2022'}"
622890,"{'coming_soon': False, 'date': '18 May, 2017'}"
631770,"{'coming_soon': False, 'date': '3 Jul, 2017'}"
636070,"{'coming_soon': False, 'date': '8 Jan, 2018'}"
666100,"{'coming_soon': False, 'date': '18 Jan, 2018'}"
718650,"{'coming_soon': False, 'date': '18 Apr, 2019'}"
842150,"{'coming_soon': False, 'date': '18 Dec, 2018'}"
846030,"{'coming_soon': False, 'date': '21 Jul, 2023'}"
858260,"{'coming_soon': False, 'date': '27 Oct, 2020'}"
873940,"{'coming_soon': False, 'date': '18 Sep, 2019'}"
885000,"{'coming_soon': False, 'date': '31 Oct, 2019'}"
916100,"{'coming_soon': False, 'date': '19 Jul, 2019'}"
938560,"{'coming_soon': False, 'date': 'Aug 21, 2020'}"
998740,"{'coming_soon': False, 'date': '15 Oct, 2020'}"
1069030,"{'coming_soon': False, 'date': '12 Jul, 2023'}"
1101120,"{'coming_soon': False, 'date': '19 Jul, 2023'}"
1103860,"{'coming_soon': False, 'date': '4 Jun, 2020'}"
1142080,"{'coming_soon': False, 'date': '24 Sep, 2021'}"
1290330,"{'coming_soon': False, 'date': 'Sep 25, 2023'}"
1301930,"{'coming_soon': False, 'date': '8 Apr, 2021'}"
1433860,"{'coming_soon': False, 'date': '16 Sep, 2021'}"
1549850,"{'coming_soon': False, 'date': '2 Dec, 2021'}"
1662210,"{'coming_soon': False, 'date': '6 Feb, 2024'}"
1736550,"{'coming_soon': False, 'date': '24 Mar, 2023'}"
1843760,"{'coming_soon': False, 'date': '28 Jan, 2022'}"
1859290,"{'coming_soon': False, 'date': '21 Apr, 2022'}"
1906020,"{'coming_soon': False, 'date': '14 Jun, 2023'}"
2066020,"{'coming_soon': False, 'date': '7 Nov, 2022'}"
2328750,"{'coming_soon': False, 'date': '5 Oct, 2023'}"
1194810,"{'coming_soon': False, 'date': '4 Apr, 2023'}"
2287220,"{'coming_soon': False, 'date': '31 Jul, 2023'}"
2499470,"{'coming_soon': False, 'date': '12 Sep, 2023'}"
2529170,"{'coming_soon': False, 'date': '8 Nov, 2023'}"
2477340,"{'coming_soon': False, 'date': '5 Mar, 2024'}"
1351240,"{'coming_soon': False, 'date': '7 Mar, 2024'}"
244050,"{'coming_soon': False, 'date': '5 Sep, 2013'}"
324140,"{'coming_soon': False, 'date': '22 Apr, 2015'}"
420000,"{'coming_soon': False, 'date': '20 Nov, 2015'}"
477130,"{'coming_soon': False, 'date': '24 May, 2016'}"
1594940,"{'coming_soon': False, 'date': '16 May, 2022'}"
1883260,"{'coming_soon': False, 'date': '28 Jun, 2022'}"
214630,"{'coming_soon': False, 'date': 'Sep 27, 2012'}"
214640,
397080,
503620,"{'coming_soon': False, 'date': '9 Aug, 2017'}"
811890,"{'coming_soon': False, 'date': '14 Feb, 2020'}"
1250870,"{'coming_soon': False, 'date': '16 Apr, 2020'}"
2075720,"{'coming_soon': False, 'date': '8 Mar, 2024'}"
1294810,"{'coming_soon': False, 'date': '1 May, 2023'}"
3800,"{'coming_soon': False, 'date': '14 Sep, 2006'}"
9740,"{'coming_soon': False, 'date': '12 Mar, 2008'}"
13230,"{'coming_soon': False, 'date': '17 Mar, 2008'}"
11900,
21300,"{'coming_soon': False, 'date': '30 Sep, 2008'}"
20710,"{'coming_soon': False, 'date': '3 Nov, 2008'}"
18500,"{'coming_soon': False, 'date': '8 Dec, 2008'}"
15400,"{'coming_soon': False, 'date': '23 Jan, 2009'}"
23120,
25700,"{'coming_soon': False, 'date': '17 Sep, 2009'}"
40420,"{'coming_soon': False, 'date': '16 Jul, 2010'}"
32200,"{'coming_soon': False, 'date': '22 Oct, 2009'}"
37500,"{'coming_soon': False, 'date': '5 Nov, 2009'}"
3170,"{'coming_soon': False, 'date': '19 Nov, 2009'}"
35010,"{'coming_soon': False, 'date': '26 Mar, 2010'}"
35070,"{'coming_soon': False, 'date': '1 Oct, 2009'}"
205650,"{'coming_soon': False, 'date': '20 Sep, 2012'}"
45100,"{'coming_soon': False, 'date': '3 Feb, 2010'}"
6600,"{'coming_soon': False, 'date': '14 Feb, 2007'}"
27800,"{'coming_soon': False, 'date': '19 Mar, 2009'}"
44200,
46000,"{'coming_soon': False, 'date': '22 Jan, 2010'}"
45000,"{'coming_soon': False, 'date': '15 Mar, 2010'}"
27920,"{'coming_soon': False, 'date': '23 Apr, 2010'}"
19030,"{'coming_soon': False, 'date': '11 May, 2010'}"
50820,"{'coming_soon': False, 'date': '12 May, 2010'}"
45400,"{'coming_soon': False, 'date': '14 Apr, 2010'}"
42640,"{'coming_soon': False, 'date': 'May 2010'}"
33680,"{'coming_soon': False, 'date': '7 Jun, 2010'}"
42650,
47000,"{'coming_soon': False, 'date': '12 Jul, 2010'}"
41800,"{'coming_soon': False, 'date': '16 Nov, 2009'}"
63600,
24420,"{'coming_soon': False, 'date': '15 Dec, 2008'}"
46600,"{'coming_soon': False, 'date': '19 Aug, 2010'}"
50000,"{'coming_soon': False, 'date': '25 Oct, 2010'}"
2450,"{'coming_soon': False, 'date': '29 Oct, 2010'}"
62000,"{'coming_soon': False, 'date': '18 Nov, 2010'}"
27000,"{'coming_soon': False, 'date': '18 Mar, 2009'}"
47900,
92300,"{'coming_soon': False, 'date': '19 Jan, 2011'}"
51060,"{'coming_soon': False, 'date': '19 Jan, 2011'}"
57700,"{'coming_soon': False, 'date': '31 Jan, 2011'}"
47800,"{'coming_soon': False, 'date': ''}"
15500,"{'coming_soon': False, 'date': '17 Jul, 2008'}"
35460,"{'coming_soon': False, 'date': '26 Oct, 2010'}"
249610,"{'coming_soon': False, 'date': '5 Jun, 2014'}"
95300,"{'coming_soon': False, 'date': '29 Apr, 2011'}"
104100,"{'coming_soon': False, 'date': '14 May, 2011'}"
97000,"{'coming_soon': False, 'date': '17 Jun, 2011'}"
55040,"{'coming_soon': False, 'date': '14 Mar, 2011'}"
92200,"{'coming_soon': False, 'date': '27 Sep, 2011'}"
80310,"{'coming_soon': False, 'date': '26 Oct, 2011'}"
200910,"{'coming_soon': False, 'date': '20 Oct, 2011'}"
202410,"{'coming_soon': False, 'date': '8 Feb, 2012'}"
107600,"{'coming_soon': False, 'date': '16 Nov, 2011'}"
200900,"{'coming_soon': False, 'date': '22 Nov, 2011'}"
102200,"{'coming_soon': False, 'date': '20 Jul, 2011'}"
80330,"{'coming_soon': False, 'date': '13 Jan, 2012'}"
80340,"{'coming_soon': False, 'date': '13 Jan, 2012'}"
80360,"{'coming_soon': False, 'date': '13 Jan, 2012'}"
18120,"{'coming_soon': False, 'date': '19 Jan, 2012'}"
111100,"{'coming_soon': False, 'date': '3 Feb, 2012'}"
108500,"{'coming_soon': False, 'date': '1 Mar, 2012'}"
205690,"{'coming_soon': False, 'date': '22 Feb, 2012'}"
42170,"{'coming_soon': False, 'date': '12 Jun, 2012'}"
205870,"{'coming_soon': False, 'date': '28 Feb, 2012'}"
15060,"{'coming_soon': False, 'date': '28 Feb, 2012'}"
207420,"{'coming_soon': False, 'date': '14 Mar, 2012'}"
207320,"{'coming_soon': False, 'date': '19 Mar, 2012'}"
70500,"{'coming_soon': False, 'date': '8 Oct, 2010'}"
208400,"{'coming_soon': False, 'date': '11 Apr, 2012'}"
207430,"{'coming_soon': False, 'date': '5 Apr, 2012'}"
207530,"{'coming_soon': False, 'date': '23 Apr, 2012'}"
209370,"{'coming_soon': False, 'date': '27 Apr, 2012'}"
18040,"{'coming_soon': False, 'date': '25 Oct, 2010'}"
102850,"{'coming_soon': False, 'date': '21 Mar, 2012'}"
212050,"{'coming_soon': False, 'date': '25 Jul, 2012'}"
211800,"{'coming_soon': False, 'date': '16 May, 2012'}"
200010,"{'coming_soon': False, 'date': '21 Jun, 2012'}"
211340,"{'coming_soon': False, 'date': '31 May, 2012'}"
212410,"{'coming_soon': False, 'date': '26 Jul, 2012'}"
211120,"{'coming_soon': False, 'date': '31 Jul, 2012'}"
215450,"{'coming_soon': False, 'date': ''}"
209270,"{'coming_soon': False, 'date': ''}"
206370,"{'coming_soon': False, 'date': '15 Aug, 2012'}"
208750,"{'coming_soon': False, 'date': '3 Feb, 2015'}"
215770,"{'coming_soon': False, 'date': '4 Sep, 2012'}"
214790,"{'coming_soon': False, 'date': 'Aug 31, 2012'}"
204220,
216290,
211670,
204630,
216130,
212110,
223630,
223390,
209950,
227320,
72900,
229520,
227280,
209540,
227800,
46750,
362410,
210550,
96900,
227720,
233740,
209060,
222660,
223280,"{'coming_soon': False, 'date': ''}"
234900,
228440,
220900,
237430,
238930,
238630,
229890,
236490,
231020,
234980,
403200,
217140,"{'coming_soon': False, 'date': 'Jul 31, 2013'}"
245150,
230860,
225220,
241320,
246400,
246800,
246980,
247310,
244070,
248190,
248650,
248860,
241720,
248970,
242570,
250110,
250280,
250340,
250640,
250700,
237740,
251230,
251310,
251370,
251390,
251410,
251510,
251710,
252030,
252370,
252430,
252570,
252710,
253150,
253190,
253350,
253570,
253860,
254200,
254880,
205080,
255260,
215630,
255340,
222640,
585450,
246760,
606730,
257170,
239720,
233110,
257690,
257710,
257770,
258030,
761030,
258220,
235980,
209390,
231720,
245390,
247140,
259430,
259510,
259620,
259640,
259830,
259870,
260160,
235620,
244910,
262210,
262260,
262590,
262790,
262850,
263020,
263040,
263360,
263400,
263420,
263460,
263480,
263640,
263820,
264060,
264160,
264220,
264320,
264540,
265400,
265610,
265870,
265970,
449300,
266050,
266130,
266250,
266490,
267360,
201040,
267730,
267900,
268200,
262940,
268340,
241410,
268810,
268830,
269030,
269110,
269330,
269430,
269650,
269690,
269890,
269990,
270050,
270310,
270330,
270490,
270630,
239840,
270810,
224040,
271670,
271730,
267670,
270750,
270760,
271820,
271990,
300550,
272300,
272330,
272600,
272670,
273240,
273830,
274130,
274250,
274450,
244430,
46770,
233350,
277520,
278100,
278440,
278550,
278590,
278620,
278910,
650220,
279160,
279440,
279480,
279520,
279580,
279740,
279900,
280010,
280040,
280320,
280460,
280500,
280890,
280910,
280930,
281200,
282590,
282680,
282960,
283080,
283180,
283450,
284140,
284180,
284200,
285110,
285420,
285440,
285480,
285520,
285820,
285960,
286200,
286660,
226100,
286830,
249380,
236930,
287600,
287860,
288020,
288060,
288100,
288220,
265120,
279920,
288370,
288670,
288930,
289220,
289420,
289440,
289480,
289600,
290490,
290650,
290710,
290890,
290970,
290990,
291050,
291090,
291190,
291390,
291430,
292500,
292600,
431290,
293320,
293340,
293600,
293660,
293680,
293880,
293920,
293960,
264520,
234530,
295490,
295730,
295850,
295910,
295990,
296240,
296280,
283940,
283960,
283980,
292240,
292780,
294530,
294660,
294670,
291030,
296510,
296570,
296590,
296730,
296850,
296930,
296970,
297080,
297100,
297290,
297410,
297740,
297920,
298480,
298820,
298830,
298840,
298850,
298890,
251210,
299030,
299440,
299800,
299890,
300200,
300280,
300340,
300360,
300570,
300580,
301920,
292400,
302270,
302310,
302470,
302490,
302650,
302850,
303260,
303410,
303430,
303510,
205060,
205070,
205090,
303680,
303690,
303850,
303910,
304150,
304170,
304500,
305010,
265950,
305480,
305740,
305760,
305780,
305800,
305820,
305840,
303340,
306200,
306550,
306660,
306700,
548680,
307010,
307090,
307210,
307270,
307430,
307570,
307580,
307600,
307620,
299540,
308360,
308380,
308440,
308520,
308560,
310460,
310510,
310760,
310850,
310880,
311100,
311190,
311240,
312600,
262240,
265170,
282010,
282030,
312750,
312900,
313470,
305490,
307190,
313630,
314030,
314070,
314150,
314200,
314210,
314290,
314330,
314360,
314380,
314470,
314570,
314590,
314790,
315110,
315340,
315670,
315850,
315860,
315930,
313590,
316080,
316370,
316660,
316750,
316840,
316930,
316970,
317040,
317330,
317370,
317510,
265750,
317620,
317710,
317970,
242130,
318130,
318230,
262000,
318260,
318530,
318570,
318860,
319050,
252970,
281130,
319270,
343820,
319480,
249190,
319740,
251890,
320090,
320120,
320400,
317290,
320430,
320520,
316180,
320630,
320650,
320690,
320820,
263860,
275180,
321060,
299660,
322080,
322540,
322680,
322900,
322910,
323040,
324070,
324120,
324260,
324270,
324390,
324450,
324470,
324710,
324740,
260330,
325150,
325160,
325320,
325370,
325470,
325520,
325730,
325860,
326060,
326150,
326340,
326630,
326670,
326720,
326730,
322130,
286880,
297860,
316030,
316260,
322600,
327740,
327220,
327310,
327390,
327510,
327560,
328640,
328680,
329240,
329340,
329770,
329860,
330110,
330180,
330270,
